status,starturl,origin
200,http://ceur-ws.org/Vol-1681/Resch_et_al_austrian_baroque_corpus.pdf,historical-corpora
200,http://ceur-ws.org/Vol-1649/80.pdf,L2-corpora
200,https://lindat.mff.cuni.cz/services/kontext/first_form?corpname=ud_23_yue_hk_a,manually-annotated-corpora
200,http://opensonar.inl.nl/,cmc-corpora
200,http://purl.ox.ac.uk/ota/2531,historical-corpora
200,http://www.lrec-conf.org/proceedings/lrec2016/summaries/110.html,newspaper-corpora
200,http://www.lrec-conf.org/proceedings/lrec2016/summaries/488.html,newspaper-corpora
200,http://www.lrec-conf.org/proceedings/lrec2016/summaries/1195.html,parallel-corpora
200,https://www.birmingham.ac.uk/Documents/college-artslaw/corpus/conference-archives/2017/general/paper382.pdf,newspaper-corpora
200,http://lrec-conf.org/workshops/lrec2018/W2/summaries/2_W2.html,parliamentary-corpora
200,http://xixona.dlsi.ua.es/~fran/publications/lrec2010.pdf,parallel-corpora
200,http://hdl.handle.net/20.500.12124/7,cmc-corpora
200,http://lrec-conf.org/workshops/lrec2018/W2/pdf/11_W2.pdf,parliamentary-corpora
200,https://www.clarin.eu/glossary,cmc-corpora
200,https://hdl.handle.net/11372/LRT-1502,cmc-corpora
200,https://epub.uni-regensburg.de/35705/,parliamentary-corpora
200,http://ojs.inz.si/pnz/article/view/193,parliamentary-corpora
200,http://www.sdjt.si/wp/wp-content/uploads/2018/09/JTDH-2018_Verdonik_Korpus-in-baza-Gos-Videolectures.pdf,spoken-corpora
200,http://www.lrec-conf.org/proceedings/lrec2016/pdf/518_Paper.pdf,spoken-corpora
200,http://hdl.handle.net/11858/00-097C-0000-000E-011B-8,cmc-corpora
200,https://ufal.mff.cuni.cz/pdtsc1.0/publications/slt2008-paperno-1097-final.pdf,spoken-corpora
200,http://hdl.handle.net/11356/1040,spoken-corpora
200,http://peeter.eki.ee:5010/altrovpajupuu2012.pdf,spoken-corpora
200,https://doi.org/10.5334/bbi.15,L2-corpora
200,http://dx.doi.org/10.1075/hsm.14.07sac,spoken-corpora
200,http://www.nytud.hu/depts/tlp/uralic/dbases.html,spoken-corpora
200,https://www.researchgate.net/publication/300469273_Phonoprosodic_corpus_of_spoken_Catalan_PhonCAT,spoken-corpora
200,https://benjamins.com/catalog/hsm.14,spoken-corpora
200,http://dx.doi.org/10.1075/hsm.14.11kup,spoken-corpora
200,http://badip.uni-graz.at/it/corpus-lip/cerca,spoken-corpora
200,http://badip.uni-graz.at/it/corpus-lip/descrizione,spoken-corpora
200,http://buckeyecorpus.osu.edu/pubs/BuckeyeCorpus.pdf,spoken-corpora
200,http://hnc.nytud.hu/index_eng.html,spoken-corpora
401,http://clara.nytud.hu/mnsz2-dev/bonito/run.cgi/first_form?uilang=en,spoken-corpora
200,http://dx.doi.org/10.5128/LV21.04,L2-corpora
200,http://voice.univie.ac.at/,spoken-corpora
200,http://corpora.lancs.ac.uk/bnc2014,spoken-corpora
200,http://www.aston.ac.uk/lss/research/lss-research/ccisc/discourse-and-culture/acwme/,spoken-corpora
200,http://cass.lancs.ac.uk/cass-projects/spoken-bnc2014/,spoken-corpora
200,http://www.parlaritaliano.it/api/,spoken-corpora
200,https://doi.org/10.15155/1-00-0000-0000-0000-00154L,spoken-corpora
200,http://metashare.elda.org/repository/browse/hungarian-medical-speech-database/76a0c9f881b611e2892a000c29bfc0d4ed0651f675914bb2805e26819a60167d/,spoken-corpora
200,https://www.clarin.si/kontext/first_form?corpname=gos_vl,spoken-corpora
200,http://metashare.nytud.hu/repository/browse/hungarian-kindergarten-language-corpus/b572a8106ba711e2aa7c68b599c26a06a4db2e695cf94a1cad6bf6793d747d2a/,spoken-corpora
200,http://hdl.handle.net/11356/1189,spoken-corpora
200,http://hdl.handle.net/11356/1190,spoken-corpora
200,http://www.korpus-gos.net/,spoken-corpora
200,https://spraakbanken.gu.se/swe/resurs/gdc,spoken-corpora
200,http://tekstlab.uio.no/glossa/html/?corpus=legepasient,spoken-corpora
200,http://www.parlaritaliano.it/index.php/it/corpora-di-parlato/644-spit-mdb-spoken-italian-multilevel-database,spoken-corpora
200,https://www.hf.uio.no/iln/english/about/organization/text-laboratory/projects/doctor-patient/index.html,spoken-corpora
200,http://metashare.nytud.hu/repository/browse/bea-hungarian-spontaneous-speech-database/808c4c306ba911e2aa7c68b599c26a062458e40404d44e4087901b5b720d2765/,spoken-corpora
200,http://hdl.handle.net/11372/LRT-253,spoken-corpora
200,http://metashare.elda.org/repository/browse/hungarian-broadcast-news-database/99bc21d081b611e2892a000c29bfc0d4d3d173ede2e64475b596aa1857a64541/,spoken-corpora
200,http://www.parlaritaliano.it/index.php/it/corpora-di-parlato/647-selezione-dal-qcorpus-di-parlato-telegiornalistico-anni-sessanta-vs-2005q,spoken-corpora
200,http://metashare.ilsp.gr:8080/repository/browse/hungarian-mrba/92067ce281b611e2892a000c29bfc0d48e6c8e9c745d446a9a64e48ba4c6462d/,spoken-corpora
200,http://hdl.handle.net/11372/LRT-2614,spoken-corpora
200,https://kontext.korpus.cz/first_form?corpname=oral2008,spoken-corpora
200,http://www.parlaritaliano.it/index.php/it/corpora-di-parlato/653-corpus-lips,spoken-corpora
200,https://www.ausnc.org.au/corpora/gcsause,spoken-corpora
200,http://www.parlaritaliano.it/index.php/it/corpora-di-parlato/716-corpus-ananas-multilingue-ananasmt,spoken-corpora
200,https://tekstlab.uio.no/glossa2/cans,spoken-corpora
200,http://tekstlab.uio.no/norskiamerika/english/corpus.html,spoken-corpora
200,http://urn.fi/urn:nbn:fi:lb-2014073037,spoken-corpora
200,https://ivdnt.org/downloads/taalmaterialen/tstc-sonar-corpus,manually-annotated-corpora
200,http://www.tekstlab.uio.no/nota/bigbrother/english.html,spoken-corpora
200,http://www.tekstlab.uio.no/nota/taus/english.html,spoken-corpora
200,http://www.tekstlab.uio.no/nota/oslo/english.html,spoken-corpora
200,https://tekstlab.uio.no/glossa2/bb,spoken-corpora
200,https://www.hf.uio.no/iln/english/research/projects/language-infrastructure-made-accessible/index.html,spoken-corpora
200,https://tekstlab.uio.no/glossa2/taus2,spoken-corpora
200,https://tekstlab.uio.no/glossa2/saml?licence=ACA-NC-LOC-PRIV-ND;back=https%3a%2f%2ftekstlab.uio.no%2fglossa2%2flia,spoken-corpora
200,https://tekstlab.uio.no/glossa2/nota_oslo,spoken-corpora
200,http://hdl.handle.net/11022/0000-0000-50DD-D,spoken-corpora
200,http://buszi.nytud.hu/buszi-2-iranyitott-beszelgetesek,spoken-corpora
200,http://buszi.nytud.hu/keresoprogramok,spoken-corpora
200,http://buszi.nytud.hu/,spoken-corpora
200,http://metashare.ilsp.gr:8080/repository/browse/hungarian-babel/9c27b9d481b611e2892a000c29bfc0d46a94c6ce19b843b3a452b382e2e64832/,spoken-corpora
200,http://catalog.elra.info/en-us/repository/browse/ELRA-S0396/,spoken-corpora
200,http://exmaralda.org/en/about-exmaralda/,spoken-corpora
200,http://hdl.handle.net/11022/0000-0007-C641-0,spoken-corpora
200,http://hdl.handle.net/11234/1-2580,spoken-corpora
200,https://cocoon.huma-num.fr/exist/crdo/ark:/87895/1.17-794340,spoken-corpora
200,http://hdl.handle.net/11858/00-097C-0000-0001-4914-D,spoken-corpora
200,https://repository.ortolang.fr/api/content/cefc-orfeo/4/documentation/site-orfeo/index.html,spoken-corpora
200,http://catalog.elra.info/product_info.php?products_id=1219,spoken-corpora
200,https://docs.google.com/document/d/10TAVfwLtEPCofbd_kjjh0nzXTB3q3XdiMkjXkU7RxUg/edit,newspaper-corpora
200,http://clapi.icar.cnrs.fr/,spoken-corpora
200,http://hdl.handle.net/11372/LRT-865,spoken-corpora
200,http://hdl.handle.net/11858/00-097C-0000-0023-119D-A,spoken-corpora
200,https://www.eduskunta.fi/FI/lakiensaataminen/taysistunnon_verkkolahetykset/tallenteet/Sivut/default.aspx,spoken-corpora
200,http://www.uef.fi/fi/finka/finka,spoken-corpora
200,http://urn.fi/urn:nbn:fi:lb-201407305,spoken-corpora
200,http://urn.fi/urn:nbn:fi:lb-2014073033,spoken-corpora
200,http://hdl.handle.net/11022/0000-0000-5F0B-B,spoken-corpora
200,http://hdl.handle.net/11022/1009-0000-0001-231F-6,spoken-corpora
200,http://urn.fi/urn:nbn:fi:lb-2014073041,spoken-corpora
200,http://urn.fi/urn:nbn:fi:lb-100110016072,spoken-corpora
200,http://urn.fi/urn:nbn:fi:lb-2014052716,spoken-corpora
200,http://urn.fi/urn:nbn:fi:lb-1001100111532,spoken-corpora
200,http://hdl.handle.net/11022/0000-0000-772F-7,spoken-corpora
200,http://urn.fi/urn:nbn:fi:lb-201407141,spoken-corpora
200,http://urn.fi/urn:nbn:fi:lb-1001100134,spoken-corpora
200,http://hdl.handle.net/11113/00-0000-0000-0000-32A7-7@view,spoken-corpora
200,http://urn.fi/urn:nbn:fi:lb-2016021201,spoken-corpora
200,http://urn.fi/urn:nbn:fi:lb-2014073043,spoken-corpora
200,http://hdl.handle.net/11022/0000-0000-5225-A,spoken-corpora
200,http://urn.fi/urn:nbn:fi:lb-2014101401,spoken-corpora
200,http://urn.fi/urn:nbn:fi:lb-100110017700,spoken-corpora
200,http://urn.fi/urn:nbn:fi:lb-201403265,spoken-corpora
200,http://urn.fi/urn:nbn:fi:lb-201708251,spoken-corpora
200,http://urn.fi/urn:nbn:fi:lb-1001100133,spoken-corpora
200,http://doi.org/10.15155/1-00-0000-0000-0000-00129L,spoken-corpora
200,http://bark.phon.ioc.ee/avalik/EKRK_KYBI/,spoken-corpora
200,http://urn.fi/urn:nbn:fi:lb-2017092133,spoken-corpora
200,http://hdl.handle.net/11022/0000-0000-63CE-9,spoken-corpora
200,http://urn.fi/urn:nbn:fi:lb-2014052721,spoken-corpora
200,https://catalog.ldc.upenn.edu/LDC96S36,spoken-corpora
200,https://lindat.mff.cuni.cz/services/kontext/first_form?corpname=airtraffic_en_w,spoken-corpora
200,http://urn.fi/urn:nbn:fi:lb-201403262,spoken-corpora
200,http://doi.org/10.15155/3-00-0000-0000-0000-0001AL,spoken-corpora
200,http://doi.org/10.15155/1-00-0000-0000-0000-00076L,spoken-corpora
200,http://hdl.handle.net/11022/0000-0007-C6F2-8,spoken-corpora
200,https://hdl.handle.net/11403/cefc-orfeo/v1,spoken-corpora
200,https://lindat.mff.cuni.cz/services/kontext/first_form?corpname=ovm_cs_w,spoken-corpora
200,https://kontext.korpus.cz/first_form?corpname=ortofon_v1,spoken-corpora
200,https://doi.org/10.15155/9-00-0000-0000-0000-00021L,spoken-corpora
200,https://kontext.korpus.cz/first_form?corpname=oral2013,spoken-corpora
200,http://hdl.handle.net/11022/0000-0000-5C64-9,spoken-corpora
200,http://hdl.handle.net/11403/CLAPI,spoken-corpora
200,https://doi.org/10.15155/9-00-0000-0000-0000-00022L,spoken-corpora
200,http://wiki.korpus.cz/doku.php/en:cnk:dialekt,spoken-corpora
200,https://kontext.korpus.cz/first_form?corpname=dialekt_v1_dial,spoken-corpora
200,http://ota.ox.ac.uk/headers/2561.xml,spoken-corpora
200,http://www.lrec-conf.org/proceedings/lrec2012/summaries/653.html,parliamentary-corpora
200,http://lrec-conf.org/workshops/lrec2018/W2/summaries/6_W2.html,parliamentary-corpora
200,https://wiki.korpus.cz/doku.php/en:cnk:dialekt,spoken-corpora
200,https://www.researchgate.net/publication/290981681_Czechparl_Corpus_of_stenographic_protocols_from_Czech_parliament,parliamentary-corpora
200,https://doi.org/10.15155/9-00-0000-0000-0000-00023L,spoken-corpora
200,http://lrec-conf.org/workshops/lrec2018/W2/summaries/9_W2.html,parliamentary-corpora
200,http://lrec-conf.org/workshops/lrec2018/W2/pdf/book_of_proceedings.pdf,parliamentary-corpora
200,http://www8.cs.umu.se/~johanna/sltc2016/abstracts/SLTC_2016_paper_31.pdf,parliamentary-corpora
200,http://videolectures.net/parlaCLARIN2018_miyazaki/,parliamentary-corpora
200,https://www.clarin.eu/ParlaCLARIN,parliamentary-corpora
200,http://hdl.handle.net/11022/0000-0000-4F70-A,spoken-corpora
200,http://hdl.handle.net/11041/sldr000776,spoken-corpora
200,http://videolectures.net/clarinplusworkshop2017_sofia/,parliamentary-corpora
200,http://hdl.handle.net/11234/1-1912,spoken-corpora
200,http://hdl.handle.net/11372/LRT-1455,spoken-corpora
200,http://hdl.handle.net/11234/1-2375,spoken-corpora
200,https://drive.google.com/file/d/1XRsGl8HHW2DUsuRxfajT3ycRIJN_MrE8/view?usp=sharing,parliamentary-corpora
200,https://www.clarin.eu/event/2017/clarin-plus-workshop-working-parliamentary-records,parliamentary-corpora
200,http://hdl.handle.net/11234/1-2579,spoken-corpora
200,https://federiconanni.com/%20ukparl/,parliamentary-corpora
200,http://hdl.handle.net/11234/1-1848,spoken-corpora
200,http://search.politicalmashup.nl/,parliamentary-corpora
200,https://nlp.fi.muni.cz/projekty/ajka/,parliamentary-corpora
200,https://data.mendeley.com/datasets/xsvp45cbt4/2,parliamentary-corpora
200,http://www.political.webclark.org/?locale=bg,parliamentary-corpora
400,https://the.sketchengine.co.uk/login/?next=%2Fcorpus%2Ffirst_form%3Fcorpname%3Dpreloaded%2Fczechparl2012%3B,parliamentary-corpora
200,http://homepages.uni-regensburg.de/~sic07430/,parliamentary-corpora
200,https://www.statmt.org/europarl/,parliamentary-corpora
200,https://www.clarin.si/kontext/first_form?corpname=slovparl,parliamentary-corpora
200,https://spraakbanken.gu.se/swe/forskning/infrastruktur/sparv,parliamentary-corpora
200,https://www.muni.cz/en/research/publications/914268,parliamentary-corpora
200,https://nlp.stanford.edu/software/tagger.shtml,parliamentary-corpora
200,http://lxcenter.di.fc.ul.pt/tools/en/conteudo/LXTagger.html,parliamentary-corpora
200,http://lxcenter.di.fc.ul.pt/tools/en/LXTokenizerEN.html,parliamentary-corpora
200,http://clip.ipipan.waw.pl/PSC,parliamentary-corpora
200,https://ilk.uvt.nl/mbma/,parliamentary-corpora
200,http://zil.ipipan.waw.pl/Nerf,parliamentary-corpora
200,http://sejm.nlp.ipipan.waw.pl/,parliamentary-corpora
200,http://zil.ipipan.waw.pl/Spejd,parliamentary-corpora
200,http://zil.ipipan.waw.pl/PANTERA,parliamentary-corpora
200,http://sgjp.pl/morfeusz/,parliamentary-corpora
200,http://hdl.handle.net/11022/0000-0000-A0D3-C,spoken-corpora
200,http://hdl.handle.net/11858/00-097C-0000-0001-CCA1-0,spoken-corpora
200,http://www.maltparser.org/,parliamentary-corpora
200,http://catalog.elra.info/en-us/repository/browse/ptparl-corpus/413b1c68a9e911e7a093ac9e1701ca02f35c58f469474edb98323535cd55b917/,parliamentary-corpora
200,http://hdl.handle.net/11858/00-097C-0000-000D-EC98-3,spoken-corpora
200,https://hdl.handle.net/10670/1.g2c5ba,spoken-corpora
200,https://www.oeaw.ac.at/acdh/tools/parlat/,parliamentary-corpora
200,https://catalog.elra.info/en-us/repository/browse/ptparl-corpus/413b1c68a9e911e7a093ac9e1701ca02f35c58f469474edb98323535cd55b917/,parliamentary-corpora
200,http://hdl.handle.net/11356/1167,parliamentary-corpora
200,http://www.keeleveeb.ee/,parliamentary-corpora
200,http://hdl.handle.net/11509/123,parliamentary-corpora
200,http://www.cl.ut.ee/korpused/segakorpus/riigikogu/,parliamentary-corpora
200,http://metashare.csc.fi/repository/browse/plenary-sessions-of-the-parliament-of-finland-kielipankki-korp-version-1/f3a84694e91b11e6ba62005056be118e314e12f4553c478b9d1cac13f65a1444/,parliamentary-corpora
200,http://hdl.handle.net/11321/467,parliamentary-corpora
200,http://ucrel.lancs.ac.uk/usas/,parliamentary-corpora
200,http://www.inf.u-szeged.hu/~rfarkas/paralell.pdf,parallel-corpora
200,http://hdl.handle.net/20.500.11821/17,parliamentary-corpora
200,http://lindat.mff.cuni.cz/services/kontext/first_form?corpname=czechparl_2012_03_28_cs_w,parliamentary-corpora
200,https://hdl.handle.net/11403/de-parl/v1,parliamentary-corpora
200,https://hdl.handle.net/11403/fr-parl/v1,parliamentary-corpora
200,http://www.lrec-conf.org/proceedings/lrec2014/summaries/846.html,parallel-corpora
200,http://www.lrec-conf.org/proceedings/lrec2012/summaries/577.html,parallel-corpora
200,https://ec.europa.eu/jrc/sites/jrcsh/files/2014_08_LRE-Journal_JRC-Linguistic-Resources_Manuscript.pdf,parallel-corpora
200,http://hdl.handle.net/11495/DA65-D02F-0EB0-9,parliamentary-corpora
200,http://opus.nlpl.eu/ParCor/,parallel-corpora
404,http://stp.lingfil.uu.se/~joerg/published/ranlp-V.pdf,parallel-corpora
200,https://www.dfki.de/lt/publication_show.php?id=4790,parallel-corpora
200,http://epubs.surrey.ac.uk/id/eprint/819894,parallel-corpora
200,http://wilkeraziz.github.io/dcs-site/fapesp.html,parallel-corpora
200,http://www.statmt.org/wmt16/biomedical-translation-task.html,parallel-corpora
200,https://hdl.handle.net/11403/uk-parl/v1,parliamentary-corpora
200,http://hdl.handle.net/20.500.12115/8,parliamentary-corpora
200,http://hdl.grnet.gr/11500/AEGEAN-0000-0000-57FA-5,parliamentary-corpora
200,http://www.cs.cmu.edu/~lingwang/microtopia/,parallel-corpora
200,https://conferences.unite.un.org/uncorpus,parallel-corpora
200,http://nlp.ffzg.hr/resources/corpora/setimes/,parallel-corpora
200,https://dgd.ids-mannheim.de/dgd/pragdb.dgd_extern.welcome?v_session_id=C69292C794559A78B7D726DA857193E7,spoken-corpora
200,http://hdl.grnet.gr/11500/AEGEAN-0000-0000-5808-5,parliamentary-corpora
200,http://opus.lingfil.uu.se/EUbookshop.php,parallel-corpora
200,http://nlp.ilsp.gr/pgv/,parallel-corpora
200,http://hdl.handle.net/1854/LU-689964,parallel-corpora
200,http://korpus.juls.savba.sk/sken.html,parallel-corpora
200,http://hdl.handle.net/11858/00-097C-0000-0005-CF9C-4,parliamentary-corpora
200,http://www.korpuss.lv/lila/,parallel-corpora
200,http://tekstynas.vdu.lt/page.xhtml?id=parallelLILA,parallel-corpora
200,http://clara.b.uib.no/fellows/carla-parra-escartin/tris/,parallel-corpora
200,http://metashare.tilde.com/repository/download/1ebafd00a96111e5aa3b001dd8b71c66ec3a43cb0e0f4669b64f85347efd43a7/,parallel-corpora
404,http://catalog.elra.info/product_info.php?products_id=1262,parallel-corpora
200,http://metashare.ilsp.gr:8080/repository/browse/reveal-this-corpus/3d1c4f0e614a11e289f6842b2b6a04d7c69218b49aab4ab78249dd27add9d4a3/,parallel-corpora
200,http://search.dcl.bas.bg/,parallel-corpora
200,http://metashare.tilde.com/repository/browse/estonian-open-parallel-corpus-2012-estonian-english/1ebafd00a96111e5aa3b001dd8b71c66ec3a43cb0e0f4669b64f85347efd43a7/,parallel-corpora
200,http://www.sol.lu.se/engelska/corpus/corpus/espc.html#structure,parallel-corpora
200,http://www.gaois.ie/crp/en/,parallel-corpora
200,https://lindat.mff.cuni.cz/services/kontext/first_form?corpname=umc_01_enru_en_m,parallel-corpora
200,http://metashare.elda.org/repository/browse/bulgarian-x-language-parallel-corpus/b8ecf7fe66cd11e281b65cf3fcb88b70394683c3b32549349cf039716e61a92b/,parallel-corpora
200,https://metashare.korpus.sk/repository/browse/slovak-english-parallel-corpus-free/719fe518665b11e2b2e800163e0000784f67c82f54f44ce3b06749baf33bfbd2/,parallel-corpora
200,http://hdl.handle.net/11321/308,parallel-corpora
200,http://metashare.ilsp.gr:8080/repository/browse/qtleap-news-corpus/834dfa6ca12a11e6a2aa782bcb074135a731473a10da4b04b0523d389854400d/,parallel-corpora
200,http://catalog.elra.info/en-us/repository/browse/panacea-english-french-and-english-greek-parallel-corpus-acquired-for-environment-domain/2160e3d2a9e911e7a093ac9e1701ca02431dc8b0b45343468444ccf5ecbda6c7/,parallel-corpora
200,https://ivdnt.org/downloads/taalmaterialen/tstc-dutch-parallel-corpus-niet-commercieel,parallel-corpora
200,http://hdl.grnet.gr/11500/IONION-0000-0000-2512-2,parallel-corpora
200,https://catalog.elra.info/en-us/repository/browse/panacea-english-french-and-english-greek-parallel-corpus-acquired-for-environment-domain/2160e3d2a9e911e7a093ac9e1701ca02431dc8b0b45343468444ccf5ecbda6c7/,parallel-corpora
200,http://hdl.handle.net/11372/LRT-631,parallel-corpora
200,http://hdl.handle.net/11234/1-1595,parallel-corpora
200,http://metashare.ilsp.gr:8080/repository/browse/parallel-wiki-english-german/424504fadc7411e5aa0b00237df3e358380903df1e5642df8582c0a852c36359/,parallel-corpora
200,http://hdl.grnet.gr/11500/UOA-0000-0000-2578-0,parallel-corpora
200,http://catalog.elra.info/en-us/repository/browse/european-parliament-interpretation-corpus-epic/f13214a2a9e711e7a093ac9e1701ca02d0aa64f224b54427a87e38e3ca23944a/,parallel-corpora
200,http://metashare.csc.fi/repository/browse/mulcold-multilingual-parallel-corpus-of-legal-texts/f62d2584744811e2bc48005056be118ef26d25fb3a8e42858917cbe270814ff9/,parallel-corpora
200,https://korp.csc.fi/?mode=other_languages,parallel-corpora
200,http://metashare.ilsp.gr:8080/repository/browse/qtleap-corpus-v12/0176c39ae9cd11e4a2aa782bcb074135ba7d767f645a48dca1d50ee3c9504253/,parallel-corpora
200,https://kitwiki.csc.fi/twiki/bin/view/KitWiki/FinClarinCorpusResourceMultilingualCorpusOfJuridicalTexts,parallel-corpora
200,http://hdl.handle.net/11234/1-1477,parallel-corpora
200,http://hdl.handle.net/10230/20051,parallel-corpora
200,https://paracrawl.eu/releases.html,parallel-corpora
200,http://hdl.handle.net/11372/LRT-2610,parallel-corpora
200,https://catalog.elra.info/en-us/repository/browse/european-parliament-interpretation-corpus-epic/f13214a2a9e711e7a093ac9e1701ca02d0aa64f224b54427a87e38e3ca23944a/,parallel-corpora
200,http://metashare.csc.fi/repository/browse/opus-helsinki-korp-version/c7249106789011e5be51005056be118e6c8854207d144cf9bea892cda0b7f1bc/,parallel-corpora
200,http://catalog.elra.info/en-us/repository/browse/crater-2-corpus/4877edb6a9db11e7a093ac9e1701ca0251d5e83801de4c15ab1ff891a4086489/,parallel-corpora
200,http://metashare.ilsp.gr:8080/repository/browse/south-east-european-parallel-corpus/d200935e67cc11e28a985ef2e4e6c59ef6e70e681f7745a191deeb0b0537e60a/,parallel-corpora
200,https://catalog.elra.info/en-us/repository/browse/crater-2-corpus/4877edb6a9db11e7a093ac9e1701ca0251d5e83801de4c15ab1ff891a4086489/,parallel-corpora
200,http://hdl.grnet.gr/11500/ATHENA-0000-0000-25D3-8,parallel-corpora
200,http://www.statmt.org/europarl/,parallel-corpora
200,http://hdl.handle.net/11372/LRT-395,parallel-corpora
200,http://metashare.ilsp.gr:8080/repository/browse/pelcra-mutlilingual-parallel-corpora-cc-by/f05f0f1c63f111e2bff4525400d76147f9863da9a70143bebd894e55197705a1/,parallel-corpora
200,https://ec.europa.eu/jrc/en/language-technologies/jrc-acquis,parallel-corpora
200,http://hdl.grnet.gr/11500/UOA-0000-0000-257A-E,parallel-corpora
200,http://inventory.clarin.gr/resources/browse/dgt-translation-memory/5307a4e499cd11e5b369aa3fc0b846a025030d74a89b4a4695d1a519dc3418ca/,parallel-corpora
200,http://metashare.ilsp.gr:8080/repository/browse/manually-aligned-ces-polish-english-parallel-corpus/314b93d26b0011e284b6000423bfd61c36a51e4b609742288e99ba691f07dfdb/,parallel-corpora
200,http://metashare.ilsp.gr:8080/repository/browse/the-naacl-2003-english-romanian-corpus/32d0c7f8dc7311e5aa0b00237df3e358c04f795d2d29477cbd7e46971ebdead6/,parallel-corpora
200,http://hdl.grnet.gr/11500/ATHENA-0000-0000-23BD-4,parallel-corpora
200,http://hdl.grnet.gr/11500/ATHENA-0000-0000-2590-3,parallel-corpora
200,http://cts.informatik.uni-leipzig.de/,parallel-corpora
200,http://opus.lingfil.uu.se/bin/opuscqp.pl,parallel-corpora
200,http://opus.lingfil.uu.se/,parallel-corpora
200,http://hdl.grnet.gr/11500/ATHENA-0000-0000-258C-9,parallel-corpora
200,http://hdl.handle.net/11356/1059,parallel-corpora
200,https://korp.csc.fi/?mode=parallel,parallel-corpora
200,http://metashare.csc.fi/repository/browse/parrus-2016-russian-finnish-parallel-corpus-of-literary-texts/870bdc20fccc11e18b49005056be118e14a557fc52e5430ebfa6df946eba6e59/,parallel-corpora
200,http://hdl.grnet.gr/11500/ATHENA-0000-0000-25DB-0,parallel-corpora
200,http://hdl.grnet.gr/11500/ATHENA-0000-0000-24DA-2,parallel-corpora
200,http://www.linguateca.pt/COMPARA/,parallel-corpora
200,http://hdl.handle.net/11372/LRT-866,parallel-corpora
200,http://clarin-pl.eu/dspace/handle/11321/309,parallel-corpora
200,http://hdl.handle.net/11858/00-097C-0000-0001-4909-7,parallel-corpora
200,http://clarino.uib.no/korpuskel/landing-page?identifier=nspc&view=short,parallel-corpora
200,http://hdl.handle.net/11509/73,parallel-corpora
200,http://omilia.uio.no/touristcorpus/,parallel-corpora
200,http://www.tekstlab.uio.no/logonturist/index.htm,parallel-corpora
200,http://hdl.grnet.gr/11500/ATHENA-0000-0000-258B-A,parallel-corpora
200,http://hdl.grnet.gr/11500/ATHENA-0000-0000-2592-1,parallel-corpora
200,http://hdl.grnet.gr/11500/ATHENA-0000-0000-23E1-A,parallel-corpora
200,http://catalog.elra.info/en-us/repository/browse/gefrepac-german-french-reciprocal-parallel-corpus/37e75176a9db11e7a093ac9e1701ca02019f82147f8243af9cc1fc5a7a99a9eb/,parallel-corpora
200,https://catalog.elra.info/en-us/repository/browse/gefrepac-german-french-reciprocal-parallel-corpus/37e75176a9db11e7a093ac9e1701ca02019f82147f8243af9cc1fc5a7a99a9eb/,parallel-corpora
200,http://hdl.grnet.gr/11500/ATHENA-0000-0000-258D-8,parallel-corpora
200,http://metashare.csc.fi/repository/browse/kotus-finnish-swedish-parallel-corpus/20502382a82511e3aeaf005056be118ebcebcd4bf7134d3581baeb3fd01fad92/,parallel-corpora
200,http://metashare.ilsp.gr:8080/repository/browse/parfin-finnish-russian-parallel-corpus-of-literary-texts/d737e540002c11e388b7005056be118ea93167209acf46b9836b2d8c9318724a/,parallel-corpora
200,http://hdl.handle.net/11356/1061,parallel-corpora
200,https://www.cl.ut.ee/korpused/paralleel/index.php?lang=en,parallel-corpora
200,http://catalog.elra.info/product_info.php?products_id=1316,parallel-corpora
200,http://hdl.handle.net/11234/1-2582,parallel-corpora
200,http://hdl.handle.net/11234/1-1454,parallel-corpora
200,http://hdl.handle.net/11495/DAE9-7FB0-CC35-1,parallel-corpora
200,http://clarino.uib.no/korpuskel/page?page-id=korpuskel-main-page,parallel-corpora
200,http://hdl.grnet.gr/11500/ATHENA-0000-0000-23C4-B,parallel-corpora
200,http://catalog.elra.info/en-us/repository/browse/english-nepali-parallel-corpus/74cefb48a9ea11e7a093ac9e1701ca02a0f76917e52e4d24a313c0bc0b2812c7/,parallel-corpora
200,http://catalog.elra.info/product_info.php?products_id=1111,parallel-corpora
200,http://aflat.org/?q=node/86,parallel-corpora
200,https://aflat.org/?q=node/86,parallel-corpora
200,http://hdl.handle.net/11858/00-097C-0000-0006-AAE0-A,parallel-corpora
200,http://hdl.handle.net/11858/00-097C-0000-0023-625F-0,parallel-corpora
200,http://lindat.mff.cuni.cz/services/kontext/first_form?corpname=hindmonocorp_05_m,parallel-corpora
200,https://catalog.elra.info/en-us/repository/browse/english-nepali-parallel-corpus/74cefb48a9ea11e7a093ac9e1701ca02a0f76917e52e4d24a313c0bc0b2812c7/,parallel-corpora
200,http://hdl.grnet.gr/11500/ATHENA-0000-0000-258F-6,parallel-corpora
200,http://hdl.grnet.gr/11500/ATHENA-0000-0000-4300-4,parallel-corpora
200,http://qt21.metashare.ilsp.gr/repository/browse/qtlp-english-greek-corpus-for-the-medical-domain/665f3832a93211e3b7d800155dbc020119068d5402fc4d3bb497aa9dcd7a4892/,parallel-corpora
200,http://hdl.grnet.gr/11500/ATHENA-0000-0000-2589-C,parallel-corpora
200,http://hdl.handle.net/11234/1-1932,parallel-corpora
200,http://hdl.handle.net/11372/LRT-891,parallel-corpora
200,http://hdl.handle.net/11356/1049,parallel-corpora
200,http://hdl.handle.net/11858/00-097C-0000-0006-AADF-0,parallel-corpora
200,http://ufal.mff.cuni.cz/czeng/releases,parallel-corpora
200,http://ufal.mff.cuni.cz/czeng,parallel-corpora
200,http://hdl.handle.net/11234/1-1804,parallel-corpora
200,http://hdl.handle.net/11234/1-1731,parallel-corpora
200,http://hdl.handle.net/11356/1058,parallel-corpora
200,http://catalog.elra.info/en-us/repository/browse/catalan-spanish-parallel-corpus/181b101aa9e711e7a093ac9e1701ca02711918c7d4c04c92b8ae24a9add00f1a/,parallel-corpora
200,http://hdl.grnet.gr/11500/ATHENA-0000-0000-2452-B,parallel-corpora
200,https://catalog.elra.info/en-us/repository/browse/catalan-spanish-parallel-corpus/181b101aa9e711e7a093ac9e1701ca02711918c7d4c04c92b8ae24a9add00f1a/,parallel-corpora
200,http://hdl.grnet.gr/11500/ATHENA-0000-0000-2455-8,parallel-corpora
200,http://catalog.elra.info/en-us/repository/browse/amharic-english-bilingual-corpus/6a753beea9ea11e7a093ac9e1701ca02b1149462d4064c2ebfbc9a8500e6ac0f/,parallel-corpora
200,https://www.clarin.eu/event/2018/hacking-news-digitised-newspapers-archived-web-introductory-workshop-text-and-data-mining,newspaper-corpora
200,http://www.sketchengine.co.uk/jozef-stefan-institute-newsfeed-corpus/,newspaper-corpora
200,http://www.europeana-newspapers.eu/,newspaper-corpora
200,http://hlt-nlp.fbk.eu/technologies/witac-newsreader-wikinews-italian-corpus,newspaper-corpora
200,http://lab.kb.nl/dataset/europeana-newspapers-ner,newspaper-corpora
200,https://hlt-nlp.fbk.eu/technologies/witac-newsreader-wikinews-italian-corpus,newspaper-corpora
200,https://catalog.elra.info/en-us/repository/browse/amharic-english-bilingual-corpus/6a753beea9ea11e7a093ac9e1701ca02b1149462d4064c2ebfbc9a8500e6ac0f/,parallel-corpora
200,http://www.repubblica.it/,newspaper-corpora
200,http://hlt-nlp.fbk.eu/technologies/cripco,newspaper-corpora
200,https://hlt-nlp.fbk.eu/technologies/cripco,newspaper-corpora
200,http://corpora.uni-leipzig.de/en?corpusId=deu_newscrawl_2011,newspaper-corpora
200,http://www.helsinki.fi/varieng/CoRD/corpora/ZEN/,newspaper-corpora
200,http://metashare.elda.org/repository/browse/corpus-of-contemporary-serbian-newpapers-and-magazines/210858448b2a11e2b539001517144592b76e35aee8794c51bd3016f1e57e765e/,newspaper-corpora
200,https://korp.csc.fi/download/Digilib/1771_1874/,newspaper-corpora
200,http://metashare.csc.fi/repository/browse/corpora-of-newspaper-texts/ba2fa776fccc11e18b49005056be118ec8894201fa444962adb2b25868c5c4f5/,newspaper-corpora
200,http://metashare.csc.fi/repository/browse/the-newspaper-and-periodical-ocr-corpus-of-the-national-library-of-finland-1771-1874/b8aa5526f86f11e4b854005056be118e90b1181e447d45b1a8b81b5a2f5b61d8/,newspaper-corpora
200,http://metashare.elda.org/repository/browse/the-newspaper-and-periodical-corpus-of-the-national-library-of-finland-kielipankki-version/1fbbd932de3811e28c39005056be118e932a745cd63943beabebfe6cd27478fb/,newspaper-corpora
200,https://spraakbanken.gu.se/eng/resource/webbnyheter2001,newspaper-corpora
200,http://catalog.elra.info/en-us/repository/browse/mlcc-multilingual-and-parallel-corpora/8bec17e2a9dc11e7a093ac9e1701ca0247ac6cf53a1d45f9b1d24f7ddc7bd444/,newspaper-corpora
200,https://spraakbanken.gu.se/eng/resource/smittskydd,newspaper-corpora
200,http://www.ub.gu.se/kvinn/digtid/04/,newspaper-corpora
200,https://spraakbanken.gu.se/eng/resource/ub-kvt-rostratt,newspaper-corpora
200,http://www.ub.gu.se/kvinn/digtid/05/,newspaper-corpora
200,https://spraakbanken.gu.se/eng/resource/ub-kvt-morgonbris,newspaper-corpora
200,http://www.liv.se/For-vardgivare-och-samarbeten1/Smittskydd-Varmland/Smittskydd/Nyheter-Smittskydd/,newspaper-corpora
200,http://www.ub.gu.se/kvinn/digtid/09/,newspaper-corpora
200,https://spraakbanken.gu.se/eng/resource/ub-kvt-kvt,newspaper-corpora
200,http://www.ub.gu.se/kvinn/portaler/kvinnotidskrifter/idun/,newspaper-corpora
200,https://spraakbanken.gu.se/eng/resource/ub-kvt-idun,newspaper-corpora
200,http://www.fredrikabremer.se/tidskriften-hertha/,newspaper-corpora
200,https://spraakbanken.gu.se/eng/resource/ub-kvt-hertha,newspaper-corpora
200,https://spraakbanken.gu.se/eng/resources,newspaper-corpora
200,http://dagens.dn.se/,newspaper-corpora
200,https://spraakbanken.gu.se/eng/resource/dn1987,newspaper-corpora
200,http://www.ub.gu.se/kvinn/digtid/03/,newspaper-corpora
200,http://hdl.grnet.gr/11500/ATHENA-0000-0000-25B2-D,parallel-corpora
200,https://catalog.elra.info/en-us/repository/browse/mlcc-multilingual-and-parallel-corpora/8bec17e2a9dc11e7a093ac9e1701ca0247ac6cf53a1d45f9b1d24f7ddc7bd444/,newspaper-corpora
200,https://spraakbanken.gu.se/eng/resource/ub-kvt-dagny,newspaper-corpora
200,https://spraakbanken.gu.se/korp/,newspaper-corpora
200,https://spraakbanken.gu.se/eng/resource/attasidor,newspaper-corpora
200,http://8sidor.se/,newspaper-corpora
200,https://www.zeit.de/index,newspaper-corpora
200,http://www.faz.net/aktuell/,newspaper-corpora
200,https://hdl.handle.net/11372/LRT-370,newspaper-corpora
200,https://hdl.handle.net/11495/D9B5-0349-4330-0,newspaper-corpora
200,http://www.fr.de/,newspaper-corpora
200,http://hdl.handle.net/10932/00-01B8-AE41-41A4-DC01-5,newspaper-corpora
200,http://hdl.handle.net/11022/1007-0000-0000-8E50-6,newspaper-corpora
200,http://www.taz.de/,newspaper-corpora
200,https://weblicht.sfs.uni-tuebingen.de/weblichtwiki/index.php/Tundra,newspaper-corpora
200,http://hdl.handle.net/11403/est_republicain,newspaper-corpora
200,http://catalog.elra.info/en-us/repository/browse/mtp-annotated-german-corpus-tagged-version/5b713db6a9d911e7a093ac9e1701ca02d2dd42ba10a5446fb38832c58b606573/,newspaper-corpora
200,http://www.lemonde.fr/,newspaper-corpora
200,http://www.estrepublicain.fr/,newspaper-corpora
200,http://karjalansanomat.sampo.ru/,newspaper-corpora
200,http://hdl.handle.net/11858/00-097C-0000-0023-3B09-4,newspaper-corpora
200,http://hdl.handle.net/11858/00-097C-0000-0023-1358-3,newspaper-corpora
200,http://metashare.elda.org/repository/browse/the-karelian-finnish-newspaper-corpus/80fa56f0454e11e49821005056be118e6a793e3276d84c95b8d9cf6ff7d867c8/,newspaper-corpora
200,https://en.annahar.com/,newspaper-corpora
200,http://catalog.elra.info/en-us/repository/browse/bref-80/2ddde760a9d811e7a093ac9e1701ca0274538ddc8a1f48c0976e005821437a14/,newspaper-corpora
200,https://hal.archives-ouvertes.fr/hal-01510196,L2-corpora
200,https://www.clarin.eu/news/blog-post-elena-volodina-clarin-workshop-interoperability-second-language-resources-and-tools,L2-corpora
200,https://uclouvain.be/en/research-institutes/ilc/cecl/learner-corpora-around-the-world.html,L2-corpora
200,http://hdl.grnet.gr/11500/ATHENA-0000-0000-23DE-F,parallel-corpora
200,http://metashare.csc.fi/repository/browse/written-and-oral-data-of-the-taito-project/05b3fc40a83111e3b2eb005056be118e86ad7d4705fb457d971134be1d3ea598/,L2-corpora
200,https://hdl.handle.net/11403/openprodat/v2,L2-corpora
200,https://hdl.handle.net/11403/sldr000843/v1,L2-corpora
200,https://hdl.handle.net/11403/sldr000784/v1,L2-corpora
200,https://catalog.elra.info/en-us/repository/browse/bref-80/2ddde760a9d811e7a093ac9e1701ca0274538ddc8a1f48c0976e005821437a14/,newspaper-corpora
200,http://www.gp.se/,newspaper-corpora
200,http://metashare.elda.org/repository/browse/the-national-certificates-corpus/944099dafccc11e18b49005056be118efc2ef6e1f96241b681c1d9bec0e9033a/,L2-corpora
200,http://hdl.handle.net/20.500.12124/6,L2-corpora
200,https://lat.csc.fi/,L2-corpora
404,https://www.jyu.fi/cefling,L2-corpora
200,http://metashare.csc.fi/repository/browse/topling-paths-in-second-language-acquisition/247496ea2cc611e289cb005056be118e0d3755e728fe48b5912700d217ab8afd/,L2-corpora
200,http://metashare.csc.fi/repository/browse/dialuki-diagnosing-reading-and-writing-in-a-second-or-foreign-language/20fbdaa42cc711e2999d005056be118e1534fd79f8c64d28a99cc4245be85d22/,L2-corpora
200,https://catalog.elra.info/en-us/repository/browse/an-nahar-newspaper-text-corpus/7c789838a9de11e7a093ac9e1701ca02be2fe7e7547b48cdb26ab39738a4ee6c/,newspaper-corpora
200,https://catalog.ldc.upenn.edu/LDC2015S10,L2-corpora
200,http://www.arabiclearnercorpus.com/about-the-corpus-en,L2-corpora
200,http://metashare.csc.fi/repository/browse/the-long-second-corpus-longitudinal-classroom-data-about-childrens-development-in-finnish-as-a-second-language/39516bb8cbc211e49764005056be118e90e993a0f6e0442db1ec3eb902ad3f53/,L2-corpora
200,http://ota.ox.ac.uk/headers/2495.xml,L2-corpora
200,https://vlo.clarin.eu/search?fqType=collection:or&fq=collection:Donated+Corpora+:+Leap,L2-corpora
200,https://vlo.clarin.eu/search?q=LETEC+%28Learning+and+Teaching+Corpus,L2-corpora
200,https://ota.ox.ac.uk/headers/2495.xml,L2-corpora
200,http://ota.ox.ac.uk/headers/2506.xml,L2-corpora
200,https://ota.ox.ac.uk/headers/2506.xml,L2-corpora
200,http://metashare.csc.fi/repository/browse/english-as-a-foreign-language-corpus/f68943a8bee011e39008005056be118ec5be150e4c1a4c5fb7f3c6711db4cd42/,L2-corpora
200,http://catalog.elra.info/en-us/repository/browse/an-nahar-newspaper-text-corpus/7c789838a9de11e7a093ac9e1701ca02be2fe7e7547b48cdb26ab39738a4ee6c/,newspaper-corpora
200,http://hdl.handle.net/11022/0000-0000-6973-9,L2-corpora
200,https://spraakbanken.gu.se/eng/resource/tisus,L2-corpora
200,https://korp.csc.fi/?mode=swedish,L2-corpora
200,https://spraakbanken.gu.se/eng/resource/sw1203,L2-corpora
200,http://clarino.uib.no/korpuskel/corpus-list?collection=ASK,L2-corpora
200,https://hdl.handle.net/11403/sldr000015/v2,L2-corpora
200,http://hdl.handle.net/11403/sldr000731/v2,L2-corpora
200,https://korp.csc.fi/,L2-corpora
200,http://hdl.grnet.gr/11500/ATHENA-0000-0000-23E4-7,parallel-corpora
200,http://hdl.handle.net/11495/DA23-DEB6-9EE5-2,L2-corpora
200,http://ota.ox.ac.uk/headers/2457.xml,L2-corpora
200,https://ota.ox.ac.uk/headers/2457.xml,L2-corpora
200,http://metashare.csc.fi/repository/browse/studentsvenska-79-80-corpus/bf7d3612fccc11e18b49005056be118ee2be3cca7d544d17aba34adc442be4f5/,L2-corpora
200,http://hdl.handle.net/11372/LRT-859,L2-corpora
200,https://www.i6doc.com/en/collections/cdicle/,L2-corpora
200,https://catalog.ldc.upenn.edu/LDC2014T06,L2-corpora
200,http://clarino.uib.no/korpuskel/landing-page?identifier=coryl&view=short,L2-corpora
200,http://catalog.elra.info/en-us/repository/browse/isle-speech-corpus/16ab6156a9da11e7a093ac9e1701ca025183819723c049a49ecb32d1517a9e05/,L2-corpora
200,http://ota.ox.ac.uk/headers/2539.xml,L2-corpora
200,http://hdl.handle.net/11495/D985-A882-BCB3-4,L2-corpora
200,https://ota.ox.ac.uk/headers/2539.xml,L2-corpora
200,http://www.lrec-conf.org/proceedings/lrec2012/summaries/429.html,manually-annotated-corpora
200,http://hdl.handle.net/11234/1-162,L2-corpora
200,http://www.lrec-conf.org/proceedings/lrec2018/pdf/851.pdf,manually-annotated-corpora
200,http://metashare.csc.fi/repository/browse/testipiste-corpus/7d58bdeaed1f11e6a77a005056be118e05bb295b3de846b59273a51b9b157139/,L2-corpora
200,http://aclweb.org/anthology/W18-6020,manually-annotated-corpora
200,http://www.lrec-conf.org/proceedings/lrec2012/pdf/440_Paper.pdf,manually-annotated-corpora
200,https://ling.w.uib.no/files/2013/02/lcrec2012at-iness-paper-published.pdf,manually-annotated-corpora
200,https://halshs.archives-ouvertes.fr/halshs-01122079/document,manually-annotated-corpora
200,http://nl.ijs.si/janes/wp-content/uploads/2016/09/CMC-2016_Rei_et_al_Multilingual-Social-Media-Linguistic-Corpus.pdf,manually-annotated-corpora
200,http://pars.ie/publications/papers/pre-prints/lrec2016_acl_rd_tec2.pdf,manually-annotated-corpora
200,http://www.lrec-conf.org/proceedings/lrec2014/pdf/530_Paper.pdf,manually-annotated-corpora
200,http://nlp.ipipan.waw.pl/~adamp/Papers/2009-palc-anotatornia/paper.pdf,manually-annotated-corpora
200,http://ceur-ws.org/Vol-1885/181.pdf,manually-annotated-corpora
200,http://nlp.ipipan.waw.pl/Bib/ogro:kop:14:lrec.pdf,manually-annotated-corpora
200,http://tlt13.sfs.uni-tuebingen.de/tlt13-proceedings.pdf,manually-annotated-corpora
200,http://slovenscina2.0.trojina.si/arhiv/2016/2/Slo2.0_2016_2_08.pdf,manually-annotated-corpora
200,https://catalog.elra.info/en-us/repository/browse/isle-speech-corpus/16ab6156a9da11e7a093ac9e1701ca025183819723c049a49ecb32d1517a9e05/,L2-corpora
200,http://metashare.csc.fi/repository/browse/international-corpus-of-learner-finnish-iclfi/632aa08efccc11e18b49005056be118e2d2ce40d2a224c85b4602c9d1337b876/,L2-corpora
200,http://www.sdjt.si/wp/wp-content/uploads/2018/09/JTDH-2018_Holozan_Zbirka-primerov-rabe-vejice-Vejica-1-3.pdf,manually-annotated-corpora
200,http://aclweb.org/anthology/L18-1713,manually-annotated-corpora
200,http://www.mt-archive.info/LREC-2012-Hajic.pdf,manually-annotated-corpora
200,http://ufal.mff.cuni.cz/padt/PADT_1.0/docs/papers/2004-nemlar-padt.pdf,manually-annotated-corpora
200,http://www.lrec-conf.org/proceedings/lrec2010/summaries/139.html,manually-annotated-corpora
200,http://www.sdjt.si/wp/wp-content/uploads/2018/09/JTDH-2018_Batanovic-et-al_SETimesSR-A-Reference-Training-Corpus-of-Serbian.pdf,manually-annotated-corpora
200,https://lindat.mff.cuni.cz/services/kontext/first_form?corpname=parseme_tr_a,manually-annotated-corpora
200,http://aclweb.org/anthology//W/W09/W09-3538.pdf,manually-annotated-corpora
200,https://lindat.mff.cuni.cz/services/kontext/first_form?corpname=parseme_sv_a,manually-annotated-corpora
200,https://lindat.mff.cuni.cz/services/kontext/first_form?corpname=parseme_sl_a,manually-annotated-corpora
200,https://lindat.mff.cuni.cz/services/kontext/first_form?corpname=parseme_ro_a,manually-annotated-corpora
200,http://www.aclweb.org/anthology/W13-1609,manually-annotated-corpora
200,https://lindat.mff.cuni.cz/services/kontext/first_form?corpname=parseme_pt_a,manually-annotated-corpora
200,https://lindat.mff.cuni.cz/services/kontext/first_form?corpname=parseme_pl_a,manually-annotated-corpora
200,https://lindat.mff.cuni.cz/services/kontext/first_form?corpname=parseme_mt_a,manually-annotated-corpora
200,https://lindat.mff.cuni.cz/services/kontext/first_form?corpname=parseme_it_a,manually-annotated-corpora
200,https://lindat.mff.cuni.cz/services/kontext/first_form?corpname=parseme_hu_a,manually-annotated-corpora
200,https://lindat.mff.cuni.cz/services/kontext/first_form?corpname=parseme_fr_a,manually-annotated-corpora
200,https://lindat.mff.cuni.cz/services/kontext/first_form?corpname=parseme_fa_a,manually-annotated-corpora
200,http://metashare.csc.fi/repository/browse/the-exam-essays-subcorpus-of-the-advanced-finnish-learners-corpus/31cb235e020b11e6a120005056be118efa06204d088e4bbdb52bf0201ac9d054/,L2-corpora
200,https://lindat.mff.cuni.cz/services/kontext/first_form?corpname=parseme_es_a,manually-annotated-corpora
200,https://lindat.mff.cuni.cz/services/kontext/first_form?corpname=parseme_el_a,manually-annotated-corpora
200,https://lindat.mff.cuni.cz/services/kontext/first_form?corpname=parseme_de_a,manually-annotated-corpora
200,https://lindat.mff.cuni.cz/services/kontext/first_form?corpname=parseme_cs_a,manually-annotated-corpora
200,https://doi.org/10.1371/journal.pone.0155036,manually-annotated-corpora
200,http://www.slovenscina.eu/korpusi/lektor,manually-annotated-corpora
200,http://nl.ijs.si/isjt06/proc/26_Stritar.pdf,manually-annotated-corpora
200,http://www.slovenscina.eu/korpusi/solar,manually-annotated-corpora
200,http://hdl.handle.net/11356/1199,manually-annotated-corpora
200,http://hdl.handle.net/11372/LRT-2842,manually-annotated-corpora
200,http://www.uni-stuttgart.de/lingrom/stein/downloads/stein2013_lsrl43.pdf,historical-corpora
200,http://hdl.handle.net/11356/1198,manually-annotated-corpora
200,http://metashare.csc.fi/repository/browse/the-advanced-finnish-learners-corpus/71773b0cfccc11e18b49005056be118e1f3feb493f7b4b999c7b1649ab466ca4/,L2-corpora
200,http://zil.ipipan.waw.pl/PolishSummariesCorpus,manually-annotated-corpora
200,http://hdl.handle.net/11356/1088,manually-annotated-corpora
200,http://hdl.handle.net/11356/1185,manually-annotated-corpora
200,http://ota.ox.ac.uk/desc/2540,manually-annotated-corpora
200,https://lindat.mff.cuni.cz/services/kontext/first_form?corpname=aclrd20_en_a,manually-annotated-corpora
200,https://doi.org/10.1515/jbgsg-2014-0011,historical-corpora
200,http://hdl.handle.net/11321/305,manually-annotated-corpora
200,http://hdl.handle.net/11372/LRT-1661,manually-annotated-corpora
200,http://www.jbe-platform.com/content/books/9789027269577,historical-corpora
200,http://metashare.csc.fi/repository/browse/the-hanken-corpus-of-academic-writing/cecb1acc62cf11e688f6005056be118e59a29510d11e4d7a8eafc0f8b9cc6924/,L2-corpora
200,http://ucrel.lancs.ac.uk/samuels/papers/SAMUELS_ICAME36_Software_Demo_Handout.pdf,historical-corpora
200,http://corpora.dslo.unibo.it/People/Tamburini/Pubs/CICL2011.pdf,historical-corpora
200,http://vakk.ut.ee/avaleht/Kingisepp-jt-KK-4-2004.pdf,historical-corpora
200,http://fedora.clarin-d.uni-saarland.de/oldbailey/downloads/OBC_2.0_Manual%202016-07-13.pdf,historical-corpora
200,http://hdl.handle.net/20.500.12115/31,manually-annotated-corpora
200,http://www.lrec-conf.org/proceedings/lrec2012/summaries/445.html,historical-corpora
200,http://www.deutschestextarchiv.de/files/Haaf_Thomas_FAHNEN.pdf,historical-corpora
404,https://www.linguistics.rub.de/bla/019-klein-dipper2016.pdf,historical-corpora
200,https://www.clarin.eu/event/2016/clarin-plus-workshop-working-digital-collections-newspapers,historical-corpora
200,http://hdl.grnet.gr/11500/ATHENA-0000-0000-2458-5,parallel-corpora
200,http://stnt.ijp.pan.pl/idxlac/index,historical-corpora
200,http://stnt.ijp.pan.pl/,historical-corpora
200,http://videolectures.net/clarinplusworkshop2016_leuven/,historical-corpora
200,http://scriptores.pl/efontes/,historical-corpora
404,http://scriptores.pl/efontes/corpus/zrealizowane/,historical-corpora
200,https://lindat.mff.cuni.cz/services/kontext/first_form?corpname=facebook_cs_m,manually-annotated-corpora
404,http://korba.nlp.ipipan.waw.pl/query_corpus/,historical-corpora
200,https://spxvi.edu.pl/korpus/probka/szukaj,historical-corpora
200,http://hdl.handle.net/11356/1110,manually-annotated-corpora
200,http://doi.org/10.15155/1-00-0000-0000-0000-00081L,manually-annotated-corpora
200,https://spxvi.edu.pl/korpus/,historical-corpora
200,https://ijp.pan.pl/publikacje-elektroniczne/korpus-tekstow-staropolskich,historical-corpora
200,http://hdl.handle.net/11509/124,manually-annotated-corpora
200,http://hdl.handle.net/11234/1-1507,manually-annotated-corpora
200,http://www.tycho.iel.unicamp.br/~tycho/corpus/en/index.html,historical-corpora
200,http://hdl.handle.net/11858/00-097C-0000-0022-FE82-7,manually-annotated-corpora
200,http://www.tycho.iel.unicamp.br/~tycho/corpus/texts/csquery/en/csquery.html,historical-corpora
200,http://hdl.grnet.gr/11500/UOA-0000-0000-2575-3,parallel-corpora
200,https://szukajwslownikach.uw.edu.pl/IMPACT_GT_1/,historical-corpora
200,http://cipm.fcsh.unl.pt/login.jsp,historical-corpora
200,http://cipm.fcsh.unl.pt/,historical-corpora
200,http://www.tycho.iel.unicamp.br/,historical-corpora
200,http://corpora.dslo.unibo.it/TCORIS/,historical-corpora
200,http://corpora.dslo.unibo.it/coris_ita.html,historical-corpora
200,http://www.corpusmidia.unito.it/,historical-corpora
200,http://oldhungariancorpus.nytud.hu/en-codices.html,historical-corpora
200,http://oldhungariancorpus.nytud.hu/en-search.html,historical-corpora
200,http://oldhungariancorpus.nytud.hu/en-descr.html,historical-corpora
200,http://www.ovi.cnr.it/index.php/it/il-corpus-testuale,historical-corpora
200,http://gattoweb.ovi.cnr.it/(S(ochcjgv2lxxrtzzxhushjaa2))/CatForm01.aspx,historical-corpora
200,http://doi.org/10.15155/1-00-0000-0000-0000-0016AL,manually-annotated-corpora
200,http://tmk.nytud.hu/3/,historical-corpora
200,https://quod.lib.umich.edu/e/evans/,historical-corpora
200,http://tmk.nytud.hu/about.php,historical-corpora
200,https://quod.lib.umich.edu/e/eebogroup/,historical-corpora
200,https://quod.lib.umich.edu/e/ecco/,historical-corpora
200,http://www.textcreationpartnership.org/tcp-evans/,historical-corpora
200,http://www.textcreationpartnership.org/tcp-eebo/,historical-corpora
200,http://www.f19.uw.edu.pl/pliki-do-pobrania/,historical-corpora
200,http://www.textcreationpartnership.org/tcp-ecco/,historical-corpora
200,http://hdl.handle.net/11356/1202,manually-annotated-corpora
200,http://wiki.korpus.cz/doku.php/en:cnk:diakorp,historical-corpora
200,http://www.f19.uw.edu.pl/,historical-corpora
200,https://spraakbanken.gu.se/korp/?mode=all_hist,historical-corpora
200,http://hdl.handle.net/11356/1054,manually-annotated-corpora
200,https://www.korpus.cz/,historical-corpora
200,http://urn.fi/urn:nbn:fi:lb-201801191,historical-corpora
200,http://hdl.handle.net/11321/543,manually-annotated-corpora
200,http://kirjearkisto.siff.fi/Sinebrychoff/tabid/55/Default.aspx,historical-corpora
200,http://hdl.handle.net/11321/270,manually-annotated-corpora
200,http://www.projects.alc.manchester.ac.uk/archer/,historical-corpora
200,http://urn.fi/urn:nbn:fi:lb-201801192,historical-corpora
200,http://hdl.handle.net/11022/0000-0000-9B1E-1,historical-corpora
200,http://purl.ox.ac.uk/ota/2518,historical-corpora
200,http://purl.ox.ac.uk/ota/2462,historical-corpora
200,http://purl.ox.ac.uk/ota/2488,historical-corpora
200,http://purl.ox.ac.uk/ota/1398,historical-corpora
200,http://urn.fi/urn:nbn:fi:lb-201405276,historical-corpora
200,http://hdl.handle.net/11022/0000-0000-9D16-7,historical-corpora
200,http://people.ds.cam.ac.uk/dwew2/hcwl/texts.htm,historical-corpora
200,http://people.ds.cam.ac.uk/dwew2/hcwl/t/webconc/framconc.htm,historical-corpora
200,http://hdl.handle.net/11234/1-1952,historical-corpora
200,http://hdl.handle.net/11372/LRT-883,historical-corpora
200,http://hdl.handle.net/11858/00-097C-0000-0023-1B04-C,manually-annotated-corpora
200,http://urn.fi/urn:nbn:fi:lb-2018051701,historical-corpora
200,https://lindat.mff.cuni.cz/services/pmltq/?_escaped_fragment_=%2Ftreebank%2Fudvi_vtb23,manually-annotated-corpora
200,https://lindat.mff.cuni.cz/services/kontext/first_form?corpname=ud_23_vi_vtb_a,manually-annotated-corpora
200,https://lindat.mff.cuni.cz/services/pmltq/?_escaped_fragment_=%2Ftreebank%2Fudur_udtb23,manually-annotated-corpora
200,https://lindat.mff.cuni.cz/services/kontext/first_form?corpname=ud_23_ur_udtb_a,manually-annotated-corpora
200,https://lindat.mff.cuni.cz/services/pmltq/?_escaped_fragment_=%2Ftreebank%2Fudtr_pud23,manually-annotated-corpora
200,https://lindat.mff.cuni.cz/services/kontext/first_form?corpname=ud_23_tr_pud_a,manually-annotated-corpora
200,https://lindat.mff.cuni.cz/services/pmltq/?_escaped_fragment_=%2Ftreebank%2Fudtr_imst23,manually-annotated-corpora
200,https://lindat.mff.cuni.cz/services/kontext/first_form?corpname=ud_23_tr_imst_a,manually-annotated-corpora
200,https://lindat.mff.cuni.cz/services/pmltq/?_escaped_fragment_=%2Ftreebank%2Fudth_pud23,manually-annotated-corpora
200,https://lindat.mff.cuni.cz/services/kontext/first_form?corpname=ud_23_th_pud_a,manually-annotated-corpora
200,https://lindat.mff.cuni.cz/services/pmltq/?_escaped_fragment_=%2Ftreebank%2Fudta_ttb23,manually-annotated-corpora
200,https://lindat.mff.cuni.cz/services/kontext/first_form?corpname=ud_23_ta_ttb_a,manually-annotated-corpora
200,https://lindat.mff.cuni.cz/services/pmltq/?_escaped_fragment_=%2Ftreebank%2Fudswl_sslc23,manually-annotated-corpora
200,https://lindat.mff.cuni.cz/services/kontext/first_form?corpname=ud_23_swl_sslc_a,manually-annotated-corpora
200,https://lindat.mff.cuni.cz/services/pmltq/?_escaped_fragment_=%2Ftreebank%2Fudsv_pud23,manually-annotated-corpora
200,https://lindat.mff.cuni.cz/services/kontext/first_form?corpname=ud_23_sv_pud_a,manually-annotated-corpora
200,https://lindat.mff.cuni.cz/services/pmltq/?_escaped_fragment_=%2Ftreebank%2Fudsv_lines23,manually-annotated-corpora
200,https://lindat.mff.cuni.cz/services/kontext/first_form?corpname=ud_23_sv_lines_a,manually-annotated-corpora
200,https://lindat.mff.cuni.cz/services/pmltq/?_escaped_fragment_=%2Ftreebank%2Fudsv_talbanken23,manually-annotated-corpora
200,https://lindat.mff.cuni.cz/services/kontext/first_form?corpname=ud_23_sv_talbanken_a,manually-annotated-corpora
200,https://lindat.mff.cuni.cz/services/pmltq/?_escaped_fragment_=%2Ftreebank%2Fudes_pud23,manually-annotated-corpora
200,https://www.clarin.si/kontext/first_form?corpname=goo300k,historical-corpora
200,https://www.clarin.si/kontext/first_form?corpname=imp,historical-corpora
200,http://hdl.grnet.gr/11500/ATHENA-0000-0000-2453-A,parallel-corpora
200,http://purl.ox.ac.uk/ota/2081,historical-corpora
200,http://hdl.handle.net/11356/1025,historical-corpora
200,http://urn.fi/urn:nbn:fi:lb-201405274,historical-corpora
200,http://purl.ox.ac.uk/ota/1713,historical-corpora
200,http://clarino.uib.no/menota/catalogue?session-id=245056631975155,historical-corpora
200,http://purl.ox.ac.uk/ota/2482,historical-corpora
200,http://clarino.uib.no/menota/concordance?session-id=245049575860250,historical-corpora
200,http://clarino.uib.no/menota/page,historical-corpora
200,http://hdl.handle.net/11356/1031,historical-corpora
200,http://hdl.handle.net/11321/260,historical-corpora
200,http://annis.corpora.uni-hamburg.de:8080/gui/,historical-corpora
200,http://urn.fi/urn:nbn:fi:lb-201407303,historical-corpora
200,http://annis.corpora.uni-hamburg.de:8080/gui/sfb632,historical-corpora
200,http://hdl.grnet.gr/11500/AUTH-0000-0000-24DF-D,parallel-corpora
200,http://deutschestextarchiv.de/rem/,historical-corpora
200,http://urn.fi/urn:nbn:fi:lb-2014052712,historical-corpora
200,https://vlo.clarin.eu/record?1&docId=http_58__47__47_hdl.handle.net_47_10932_47_00-01B8-AE41-41A4-DC01-5&q=mannheimer+corpus&index=2&count=37,historical-corpora
200,https://lindat.mff.cuni.cz/services/kontext/first_form?corpname=ud_23_es_pud_a,manually-annotated-corpora
200,https://lindat.mff.cuni.cz/services/pmltq/?_escaped_fragment_=%2Ftreebank%2Fudes_gsd23,manually-annotated-corpora
200,https://lindat.mff.cuni.cz/services/kontext/first_form?corpname=ud_23_es_gsd_a,manually-annotated-corpora
200,https://lindat.mff.cuni.cz/services/pmltq/?_escaped_fragment_=%2Ftreebank%2Fudes_ancora23,manually-annotated-corpora
200,https://lindat.mff.cuni.cz/services/kontext/first_form?corpname=ud_23_es_ancora_a,manually-annotated-corpora
200,https://lindat.mff.cuni.cz/services/pmltq/?_escaped_fragment_=%2Ftreebank%2Fudsl_ssj23,manually-annotated-corpora
200,https://lindat.mff.cuni.cz/services/kontext/first_form?corpname=ud_23_sl_ssj_a,manually-annotated-corpora
200,https://lindat.mff.cuni.cz/services/pmltq/?_escaped_fragment_=%2Ftreebank%2Fudsk_snk23,manually-annotated-corpora
200,https://lindat.mff.cuni.cz/services/kontext/first_form?corpname=ud_23_sk_snk_a,manually-annotated-corpora
200,https://lindat.mff.cuni.cz/services/pmltq/?_escaped_fragment_=%2Ftreebank%2Fudru_syntagrus23,manually-annotated-corpora
200,https://lindat.mff.cuni.cz/services/kontext/first_form?corpname=ud_23_ru_syntagrus_a,manually-annotated-corpora
200,https://lindat.mff.cuni.cz/services/pmltq/?_escaped_fragment_=%2Ftreebank%2Fudru_pud23,manually-annotated-corpora
200,https://lindat.mff.cuni.cz/services/kontext/first_form?corpname=ud_23_ru_pud_a,manually-annotated-corpora
200,https://lindat.mff.cuni.cz/services/pmltq/?_escaped_fragment_=%2Ftreebank%2Fudru_gsd23,manually-annotated-corpora
200,https://lindat.mff.cuni.cz/services/kontext/first_form?corpname=ud_23_ru_gsd_a,manually-annotated-corpora
200,https://lindat.mff.cuni.cz/services/pmltq/?_escaped_fragment_=%2Ftreebank%2Fudro_nonstandard23,manually-annotated-corpora
200,https://lindat.mff.cuni.cz/services/kontext/first_form?corpname=ud_23_ro_nonstandard_a,manually-annotated-corpora
200,https://lindat.mff.cuni.cz/services/pmltq/?_escaped_fragment_=%2Ftreebank%2Fudro_rrt23,manually-annotated-corpora
200,https://lindat.mff.cuni.cz/services/kontext/first_form?corpname=ud_23_ro_rrt_a,manually-annotated-corpora
200,https://lindat.mff.cuni.cz/services/pmltq/?_escaped_fragment_=%2Ftreebank%2Fudpt_pud23,manually-annotated-corpora
200,https://lindat.mff.cuni.cz/services/kontext/first_form?corpname=ud_23_pt_pud_a,manually-annotated-corpora
200,https://lindat.mff.cuni.cz/services/pmltq/?_escaped_fragment_=%2Ftreebank%2Fudpt_gsd23,manually-annotated-corpora
200,https://lindat.mff.cuni.cz/services/kontext/first_form?corpname=ud_23_pt_gsd_a,manually-annotated-corpora
200,https://lindat.mff.cuni.cz/services/pmltq/?_escaped_fragment_=%2Ftreebank%2Fudpt_bosque23,manually-annotated-corpora
200,https://lindat.mff.cuni.cz/services/kontext/first_form?corpname=ud_23_pt_bosque_a,manually-annotated-corpora
200,http://hdl.handle.net/11022/0000-0007-C64C-5,historical-corpora
200,http://clara.nytud.hu/mtsz/run.cgi/first_form?corpname=MTSZ;lemma=;lpos=,historical-corpora
200,https://lindat.mff.cuni.cz/services/pmltq/?_escaped_fragment_=%2Ftreebank%2Fudpl_sz23,manually-annotated-corpora
200,http://urn.fi/urn:nbn:fi:lb-20140730147,historical-corpora
200,http://ota.ox.ac.uk/desc/2544,historical-corpora
200,http://purl.ox.ac.uk/ota/2562,historical-corpora
200,http://clara.nytud.hu/mtsz/run.cgi/first_form,historical-corpora
200,http://www.deutschestextarchiv.de/doku/textquellen,historical-corpora
200,http://zefys.staatsbibliothek-berlin.de/ddr-presse/,historical-corpora
200,https://clarin.bbaw.de/en/corpus/,historical-corpora
200,http://srcmf.org/,historical-corpora
200,http://purl.ox.ac.uk/ota/2499,historical-corpora
200,http://urn.fi/urn:nbn:fi:lb-2016050301,historical-corpora
200,http://hdl.handle.net/11022/0000-0000-9B22-B,historical-corpora
200,http://www.deutschestextarchiv.de/,historical-corpora
200,https://acdh.oeaw.ac.at/abacus/corpus.html,historical-corpora
200,https://acdh.oeaw.ac.at/abacus/,historical-corpora
200,http://urn.fi/urn:nbn:fi:lb-2017082101,historical-corpora
200,http://hdl.grnet.gr/11500/AUTH-0000-0000-2C5A-B,parallel-corpora
200,http://hdl.handle.net/11022/0000-0000-9B23-A,historical-corpora
200,http://vakk.ut.ee/,historical-corpora
200,http://purl.ox.ac.uk/ota/2425,historical-corpora
200,http://fedora.clarin-d.uni-saarland.de/oldbailey/downloads.html,historical-corpora
200,http://fedora.clarin-d.uni-saarland.de/clmet/clmet3_1.zip,historical-corpora
200,http://purl.ox.ac.uk/ota/1477,historical-corpora
200,http://hdl.handle.net/11372/LRT-172,historical-corpora
200,https://lindat.mff.cuni.cz/services/kontext/first_form?corpname=ud_23_pl_sz_a,manually-annotated-corpora
200,https://lindat.mff.cuni.cz/services/pmltq/?_escaped_fragment_=%2Ftreebank%2Fudpl_lfg23,manually-annotated-corpora
200,https://lindat.mff.cuni.cz/services/kontext/first_form?corpname=ud_23_pl_lfg_a,manually-annotated-corpora
200,https://lindat.mff.cuni.cz/services/pmltq/?_escaped_fragment_=%2Ftreebank%2Fudfro_srcmf23,manually-annotated-corpora
200,https://lindat.mff.cuni.cz/services/kontext/first_form?corpname=ud_23_fro_srcmf_a,manually-annotated-corpora
200,https://lindat.mff.cuni.cz/services/pmltq/?_escaped_fragment_=%2Ftreebank%2Fudcu_proiel23,manually-annotated-corpora
200,https://lindat.mff.cuni.cz/services/kontext/first_form?corpname=ud_23_cu_proiel_a,manually-annotated-corpora
200,http://hdl.handle.net/11297/1-00-0000-0000-0000-0002-6,historical-corpora
200,https://lindat.mff.cuni.cz/services/pmltq/?_escaped_fragment_=%2Ftreebank%2Fudno_nynorsklia23,manually-annotated-corpora
200,https://lindat.mff.cuni.cz/services/kontext/first_form?corpname=ud_23_no_nynorsklia_a,manually-annotated-corpora
200,https://lindat.mff.cuni.cz/services/pmltq/?_escaped_fragment_=%2Ftreebank%2Fudno_nynorsk23,manually-annotated-corpora
200,https://lindat.mff.cuni.cz/services/kontext/first_form?corpname=ud_23_no_nynorsk_a,manually-annotated-corpora
200,https://lindat.mff.cuni.cz/services/pmltq/?_escaped_fragment_=%2Ftreebank%2Fudno_bokmaal23,manually-annotated-corpora
200,https://lindat.mff.cuni.cz/services/kontext/first_form?corpname=ud_23_no_bokmaal_a,manually-annotated-corpora
200,https://lindat.mff.cuni.cz/services/pmltq/?_escaped_fragment_=%2Ftreebank%2Fudsme_giella23,manually-annotated-corpora
200,https://lindat.mff.cuni.cz/services/kontext/first_form?corpname=ud_23_sme_giella_a,manually-annotated-corpora
200,https://lindat.mff.cuni.cz/services/pmltq/?_escaped_fragment_=%2Ftreebank%2Fudlv_lvtb23,manually-annotated-corpora
200,https://lindat.mff.cuni.cz/services/kontext/first_form?corpname=ud_23_lv_lvtb_a,manually-annotated-corpora
200,https://lindat.mff.cuni.cz/services/pmltq/?_escaped_fragment_=%2Ftreebank%2Fudla_perseus23,manually-annotated-corpora
200,https://lindat.mff.cuni.cz/services/kontext/first_form?corpname=ud_23_la_perseus_a,manually-annotated-corpora
200,https://lindat.mff.cuni.cz/services/pmltq/?_escaped_fragment_=%2Ftreebank%2Fudla_ittb23,manually-annotated-corpora
200,http://urn.fi/urn:nbn:fi:lb-20140730170,historical-corpora
200,https://lindat.mff.cuni.cz/services/kontext/first_form?corpname=ud_23_la_ittb_a,manually-annotated-corpora
200,https://lindat.mff.cuni.cz/services/pmltq/?_escaped_fragment_=%2Ftreebank%2Fudla_proiel23,manually-annotated-corpora
200,https://lindat.mff.cuni.cz/services/kontext/first_form?corpname=ud_23_la_proiel_a,manually-annotated-corpora
200,https://lindat.mff.cuni.cz/services/pmltq/?_escaped_fragment_=%2Ftreebank%2Fudko_pud23,manually-annotated-corpora
200,https://lindat.mff.cuni.cz/services/kontext/first_form?corpname=ud_23_ko_pud_a,manually-annotated-corpora
200,https://lindat.mff.cuni.cz/services/pmltq/?_escaped_fragment_=%2Ftreebank%2Fudko_gsd23,manually-annotated-corpora
200,http://fedora.clarin-d.uni-saarland.de/rsc_v4/access.html,historical-corpora
200,https://lindat.mff.cuni.cz/services/kontext/first_form?corpname=ud_23_ko_gsd_a,manually-annotated-corpora
200,https://lindat.mff.cuni.cz/services/pmltq/?_escaped_fragment_=%2Ftreebank%2Fudko_kaist23,manually-annotated-corpora
200,http://purl.ox.ac.uk/ota/2400,historical-corpora
200,http://ota.ahds.ac.uk/headers/2510.xml,historical-corpora
200,http://purl.ox.ac.uk/ota/2468,historical-corpora
200,http://purl.ox.ac.uk/ota/2021,historical-corpora
200,http://hdl.handle.net/11372/LRT-753,historical-corpora
200,http://purl.ox.ac.uk/ota/0701,historical-corpora
200,https://www.hansard-corpus.org/x.asp,historical-corpora
200,https://www.clarin.ac.uk/hansard-corpus,historical-corpora
200,http://hdl.grnet.gr/11500/UOA-0000-0000-2577-1,parallel-corpora
200,http://purl.ox.ac.uk/ota/2077,historical-corpora
200,http://purl.ox.ac.uk/ota/2461,historical-corpora
200,http://purl.ox.ac.uk/ota/2507,historical-corpora
200,http://gysseling.corpus.taalbanknederlands.inl.nl/gysseling/page/search,historical-corpora
200,http://brievenalsbuit.inl.nl/zeebrieven/page/search,historical-corpora
200,http://brievenalsbuit.inl.nl/zeebrieven/page/about,historical-corpora
200,http://purl.ox.ac.uk/ota/2481,historical-corpora
200,https://lindat.mff.cuni.cz/services/kontext/first_form?corpname=ud_23_ko_kaist_a,manually-annotated-corpora
200,https://lindat.mff.cuni.cz/services/pmltq/?_escaped_fragment_=%2Ftreebank%2Fudja_modern23,manually-annotated-corpora
200,https://lindat.mff.cuni.cz/services/kontext/first_form?corpname=ud_23_ja_modern_a,manually-annotated-corpora
200,https://lindat.mff.cuni.cz/services/pmltq/?_escaped_fragment_=%2Ftreebank%2Fudja_pud23,manually-annotated-corpora
200,https://lindat.mff.cuni.cz/services/kontext/first_form?corpname=ud_23_ja_pud_a,manually-annotated-corpora
200,https://lindat.mff.cuni.cz/services/pmltq/?_escaped_fragment_=%2Ftreebank%2Fudja_gsd23,manually-annotated-corpora
200,https://lindat.mff.cuni.cz/services/kontext/first_form?corpname=ud_23_ja_gsd_a,manually-annotated-corpora
200,https://lindat.mff.cuni.cz/services/pmltq/?_escaped_fragment_=%2Ftreebank%2Fudit_pud23,manually-annotated-corpora
200,https://lindat.mff.cuni.cz/services/kontext/first_form?corpname=ud_23_it_pud_a,manually-annotated-corpora
200,https://ivdnt.org/downloads/taalmaterialen/tstc-corpus-gysseling,historical-corpora
200,https://lindat.mff.cuni.cz/services/pmltq/?_escaped_fragment_=%2Ftreebank%2Fudit_partut23,manually-annotated-corpora
200,https://lindat.mff.cuni.cz/services/kontext/first_form?corpname=ud_23_it_partut_a,manually-annotated-corpora
200,https://lindat.mff.cuni.cz/services/pmltq/?_escaped_fragment_=%2Ftreebank%2Fudit_isdt23,manually-annotated-corpora
200,https://lindat.mff.cuni.cz/services/kontext/first_form?corpname=ud_23_it_isdt_a,manually-annotated-corpora
200,https://lindat.mff.cuni.cz/services/pmltq/?_escaped_fragment_=%2Ftreebank%2Fudga_idt23,manually-annotated-corpora
200,https://lindat.mff.cuni.cz/services/kontext/first_form?corpname=ud_23_ga_idt_a,manually-annotated-corpora
200,https://lindat.mff.cuni.cz/services/pmltq/?_escaped_fragment_=%2Ftreebank%2Fudid_pud23,manually-annotated-corpora
200,https://lindat.mff.cuni.cz/services/kontext/first_form?corpname=ud_23_id_pud_a,manually-annotated-corpora
200,https://lindat.mff.cuni.cz/services/pmltq/?_escaped_fragment_=%2Ftreebank%2Fudid_gsd23,manually-annotated-corpora
200,https://lindat.mff.cuni.cz/services/kontext/first_form?corpname=ud_23_id_gsd_a,manually-annotated-corpora
200,https://lindat.mff.cuni.cz/services/pmltq/?_escaped_fragment_=%2Ftreebank%2Fudhu_szeged23,manually-annotated-corpora
200,https://lindat.mff.cuni.cz/services/kontext/first_form?corpname=ud_23_hu_szeged_a,manually-annotated-corpora
200,https://lindat.mff.cuni.cz/services/pmltq/?_escaped_fragment_=%2Ftreebank%2Fudhi_pud23,manually-annotated-corpora
200,https://lindat.mff.cuni.cz/services/kontext/first_form?corpname=ud_23_hi_pud_a,manually-annotated-corpora
200,https://lindat.mff.cuni.cz/services/pmltq/?_escaped_fragment_=%2Ftreebank%2Fudhi_hdtb23,manually-annotated-corpora
200,https://lindat.mff.cuni.cz/services/kontext/first_form?corpname=ud_23_hi_hdtb_a,manually-annotated-corpora
200,https://lindat.mff.cuni.cz/services/pmltq/?_escaped_fragment_=%2Ftreebank%2Fudhe_htb23,manually-annotated-corpora
200,https://lindat.mff.cuni.cz/services/kontext/first_form?corpname=ud_23_he_htb_a,manually-annotated-corpora
200,https://lindat.mff.cuni.cz/services/pmltq/?_escaped_fragment_=%2Ftreebank%2Fudel_gdt23,manually-annotated-corpora
200,https://lindat.mff.cuni.cz/services/kontext/first_form?corpname=ud_23_el_gdt_a,manually-annotated-corpora
200,https://lindat.mff.cuni.cz/services/pmltq/?_escaped_fragment_=%2Ftreebank%2Fudgot_proiel23,manually-annotated-corpora
200,https://lindat.mff.cuni.cz/services/kontext/first_form?corpname=ud_23_got_proiel_a,manually-annotated-corpora
200,https://lindat.mff.cuni.cz/services/pmltq/?_escaped_fragment_=%2Ftreebank%2Fudde_pud23,manually-annotated-corpora
200,https://lindat.mff.cuni.cz/services/kontext/first_form?corpname=ud_23_de_pud_a,manually-annotated-corpora
200,https://lindat.mff.cuni.cz/services/pmltq/?_escaped_fragment_=%2Ftreebank%2Fudde_gsd23,manually-annotated-corpora
200,https://lindat.mff.cuni.cz/services/kontext/first_form?corpname=ud_23_de_gsd_a,manually-annotated-corpora
200,https://lindat.mff.cuni.cz/services/pmltq/?_escaped_fragment_=%2Ftreebank%2Fudgl_ctg23,manually-annotated-corpora
200,https://lindat.mff.cuni.cz/services/kontext/first_form?corpname=ud_23_gl_ctg_a,manually-annotated-corpora
200,https://lindat.mff.cuni.cz/services/kontext/first_form?corpname=ud_23_fr_ftb_a,manually-annotated-corpora
200,https://lindat.mff.cuni.cz/services/pmltq/?_escaped_fragment_=%2Ftreebank%2Fudfr_pud23,manually-annotated-corpora
200,https://lindat.mff.cuni.cz/services/kontext/first_form?corpname=ud_23_fr_pud_a,manually-annotated-corpora
200,https://lindat.mff.cuni.cz/services/pmltq/?_escaped_fragment_=%2Ftreebank%2Fudfr_spoken23,manually-annotated-corpora
200,https://lindat.mff.cuni.cz/services/kontext/first_form?corpname=ud_23_fr_spoken_a,manually-annotated-corpora
200,https://lindat.mff.cuni.cz/services/pmltq/?_escaped_fragment_=%2Ftreebank%2Fudfr_sequoia23,manually-annotated-corpora
200,https://lindat.mff.cuni.cz/services/kontext/first_form?corpname=ud_23_fr_sequoia_a,manually-annotated-corpora
200,https://lindat.mff.cuni.cz/services/pmltq/?_escaped_fragment_=%2Ftreebank%2Fudfr_gsd23,manually-annotated-corpora
200,https://lindat.mff.cuni.cz/services/kontext/first_form?corpname=ud_23_fr_gsd_a,manually-annotated-corpora
200,https://lindat.mff.cuni.cz/services/pmltq/?_escaped_fragment_=%2Ftreebank%2Fudfr_partut23,manually-annotated-corpora
200,https://dev-www.clarin.eu/glossary,historical-corpora
200,https://lindat.mff.cuni.cz/services/kontext/first_form?corpname=ud_23_fr_partut_a,manually-annotated-corpora
200,https://lindat.mff.cuni.cz/services/pmltq/?_escaped_fragment_=%2Ftreebank%2Fudfi_pud23,manually-annotated-corpora
200,https://lindat.mff.cuni.cz/services/kontext/first_form?corpname=ud_23_fi_pud_a,manually-annotated-corpora
200,https://lindat.mff.cuni.cz/services/pmltq/?_escaped_fragment_=%2Ftreebank%2Fudfi_tdt23,manually-annotated-corpora
200,https://lindat.mff.cuni.cz/services/kontext/first_form?corpname=ud_23_fi_tdt_a,manually-annotated-corpora
200,https://lindat.mff.cuni.cz/services/pmltq/?_escaped_fragment_=%2Ftreebank%2Fudfi_ftb23,manually-annotated-corpora
200,https://lindat.mff.cuni.cz/services/kontext/first_form?corpname=ud_23_fi_ftb_a,manually-annotated-corpora
200,https://lindat.mff.cuni.cz/services/pmltq/?_escaped_fragment_=%2Ftreebank%2Fudmyv_jr23,manually-annotated-corpora
200,https://lindat.mff.cuni.cz/services/kontext/first_form?corpname=ud_23_myv_jr_a,manually-annotated-corpora
200,https://lindat.mff.cuni.cz/services/kontext/first_form?corpname=ud_23_en_lines_a,manually-annotated-corpora
200,https://lindat.mff.cuni.cz/services/pmltq/?_escaped_fragment_=%2Ftreebank%2Fuden_pud23,manually-annotated-corpora
200,https://lindat.mff.cuni.cz/services/kontext/first_form?corpname=ud_23_en_pud_a,manually-annotated-corpora
200,https://lindat.mff.cuni.cz/services/pmltq/?_escaped_fragment_=%2Ftreebank%2Fuden_ewt23,manually-annotated-corpora
200,https://lindat.mff.cuni.cz/services/kontext/first_form?corpname=ud_23_en_ewt_a,manually-annotated-corpora
200,https://lindat.mff.cuni.cz/services/pmltq/?_escaped_fragment_=%2Ftreebank%2Fuden_gum23,manually-annotated-corpora
200,https://lindat.mff.cuni.cz/services/kontext/first_form?corpname=ud_23_en_gum_a,manually-annotated-corpora
200,https://lindat.mff.cuni.cz/services/pmltq/?_escaped_fragment_=%2Ftreebank%2Fuden_partut23,manually-annotated-corpora
200,https://lindat.mff.cuni.cz/services/kontext/first_form?corpname=ud_23_en_partut_a,manually-annotated-corpora
200,https://lindat.mff.cuni.cz/services/pmltq/?_escaped_fragment_=%2Ftreebank%2Fudnl_lassysmall23,manually-annotated-corpora
200,https://lindat.mff.cuni.cz/services/kontext/first_form?corpname=ud_23_nl_lassysmall_a,manually-annotated-corpora
200,https://lindat.mff.cuni.cz/services/pmltq/?_escaped_fragment_=%2Ftreebank%2Fudnl_alpino23,manually-annotated-corpora
200,https://lindat.mff.cuni.cz/services/kontext/first_form?corpname=ud_23_nl_alpino_a,manually-annotated-corpora
200,https://lindat.mff.cuni.cz/services/pmltq/?_escaped_fragment_=%2Ftreebank%2Fudda_ddt23,manually-annotated-corpora
200,https://lindat.mff.cuni.cz/services/kontext/first_form?corpname=ud_23_da_ddt_a,manually-annotated-corpora
200,https://lindat.mff.cuni.cz/services/pmltq/?_escaped_fragment_=%2Ftreebank%2Fudcs_cltt23,manually-annotated-corpora
200,https://lindat.mff.cuni.cz/services/kontext/first_form?corpname=ud_23_cs_cltt_a,manually-annotated-corpora
200,https://lindat.mff.cuni.cz/services/pmltq/?_escaped_fragment_=%2Ftreebank%2Fudcs_pud23,manually-annotated-corpora
200,https://lindat.mff.cuni.cz/services/kontext/first_form?corpname=ud_23_cs_pud_a,manually-annotated-corpora
200,https://lindat.mff.cuni.cz/services/pmltq/?_escaped_fragment_=%2Ftreebank%2Fudcs_fictree23,manually-annotated-corpora
200,https://lindat.mff.cuni.cz/services/pmltq/?_escaped_fragment_=%2Ftreebank%2Fudcs_cac23,manually-annotated-corpora
200,https://lindat.mff.cuni.cz/services/kontext/first_form?corpname=ud_23_cs_cac_a,manually-annotated-corpora
200,https://lindat.mff.cuni.cz/services/pmltq/?_escaped_fragment_=%2Ftreebank%2Fudcs_pdt23,manually-annotated-corpora
200,https://lindat.mff.cuni.cz/services/kontext/first_form?corpname=ud_23_cs_pdt_a,manually-annotated-corpora
200,https://lindat.mff.cuni.cz/services/pmltq/?_escaped_fragment_=%2Ftreebank%2Fudzh_pud23,manually-annotated-corpora
200,https://lindat.mff.cuni.cz/services/kontext/first_form?corpname=ud_23_zh_pud_a,manually-annotated-corpora
200,https://lindat.mff.cuni.cz/services/pmltq/?_escaped_fragment_=%2Ftreebank%2Fudzh_gsd23,manually-annotated-corpora
200,https://lindat.mff.cuni.cz/services/kontext/first_form?corpname=ud_23_zh_gsd_a,manually-annotated-corpora
200,https://lindat.mff.cuni.cz/services/pmltq/?_escaped_fragment_=%2Ftreebank%2Fudca_ancora23,manually-annotated-corpora
200,https://lindat.mff.cuni.cz/services/kontext/first_form?corpname=ud_23_ca_ancora_a,manually-annotated-corpora
200,https://lindat.mff.cuni.cz/services/pmltq/?_escaped_fragment_=%2Ftreebank%2Fudbg_btb23,manually-annotated-corpora
200,http://hdl.grnet.gr/11500/AUTH-0000-0000-2557-5,parallel-corpora
200,https://lindat.mff.cuni.cz/services/kontext/first_form?corpname=ud_23_bg_btb_a,manually-annotated-corpora
200,https://lindat.mff.cuni.cz/services/pmltq/?_escaped_fragment_=%2Ftreebank%2Fudbe_hse23,manually-annotated-corpora
200,https://lindat.mff.cuni.cz/services/kontext/first_form?corpname=ud_23_be_hse_a,manually-annotated-corpora
200,https://lindat.mff.cuni.cz/services/pmltq/?_escaped_fragment_=%2Ftreebank%2Fudeu_bdt23,manually-annotated-corpora
200,https://lindat.mff.cuni.cz/services/kontext/first_form?corpname=ud_23_eu_bdt_a,manually-annotated-corpora
200,https://lindat.mff.cuni.cz/services/pmltq/?_escaped_fragment_=%2Ftreebank%2Fudbm_crb23,manually-annotated-corpora
200,https://lindat.mff.cuni.cz/services/kontext/first_form?corpname=ud_23_bm_crb_a,manually-annotated-corpora
200,https://lindat.mff.cuni.cz/services/kontext/first_form?corpname=ud_23_ar_nyuad_a,manually-annotated-corpora
200,https://lindat.mff.cuni.cz/services/pmltq/?_escaped_fragment_=%2Ftreebank%2Fudar_pud23,manually-annotated-corpora
200,https://lindat.mff.cuni.cz/services/kontext/first_form?corpname=ud_23_ar_pud_a,manually-annotated-corpora
200,https://lindat.mff.cuni.cz/services/pmltq/?_escaped_fragment_=%2Ftreebank%2Fudar_padt23,manually-annotated-corpora
200,https://lindat.mff.cuni.cz/services/kontext/first_form?corpname=ud_23_ar_padt_a,manually-annotated-corpora
200,https://lindat.mff.cuni.cz/services/pmltq/?_escaped_fragment_=%2Ftreebank%2Fudgrc_perseus23,manually-annotated-corpora
200,https://lindat.mff.cuni.cz/services/kontext/first_form?corpname=ud_23_grc_perseus_a,manually-annotated-corpora
200,https://lindat.mff.cuni.cz/services/kontext/first_form?corpname=ud_23_af_afribooms_a,manually-annotated-corpora
200,https://lindat.mff.cuni.cz/services/pmltq/?_escaped_fragment_=%2Ftreebank%2Fudyo_ytb23,manually-annotated-corpora
200,https://lindat.mff.cuni.cz/services/kontext/first_form?corpname=ud_23_yo_ytb_a,manually-annotated-corpora
200,https://lindat.mff.cuni.cz/services/pmltq/?_escaped_fragment_=%2Ftreebank%2Fudwbp_ufal23,manually-annotated-corpora
200,https://lindat.mff.cuni.cz/services/kontext/first_form?corpname=ud_23_wbp_ufal_a,manually-annotated-corpora
200,https://lindat.mff.cuni.cz/services/pmltq/?_escaped_fragment_=%2Ftreebank%2Fudug_udt23,manually-annotated-corpora
200,https://lindat.mff.cuni.cz/services/kontext/first_form?corpname=ud_23_ug_udt_a,manually-annotated-corpora
200,https://lindat.mff.cuni.cz/services/kontext/first_form?corpname=ud_23_hsb_ufal_a,manually-annotated-corpora
200,https://lindat.mff.cuni.cz/services/pmltq/?_escaped_fragment_=%2Ftreebank%2Fuduk_iu23,manually-annotated-corpora
200,https://lindat.mff.cuni.cz/services/kontext/first_form?corpname=ud_23_uk_iu_a,manually-annotated-corpora
200,https://lindat.mff.cuni.cz/services/pmltq/?_escaped_fragment_=%2Ftreebank%2Fudte_mtg23,manually-annotated-corpora
200,https://lindat.mff.cuni.cz/services/kontext/first_form?corpname=ud_23_te_mtg_a,manually-annotated-corpora
200,https://lindat.mff.cuni.cz/services/pmltq/?_escaped_fragment_=%2Ftreebank%2Fudtl_trg23,manually-annotated-corpora
200,https://lindat.mff.cuni.cz/services/kontext/first_form?corpname=ud_23_tl_trg_a,manually-annotated-corpora
200,https://lindat.mff.cuni.cz/services/pmltq/?_escaped_fragment_=%2Ftreebank%2Fudsl_sst23,manually-annotated-corpora
200,https://lindat.mff.cuni.cz/services/kontext/first_form?corpname=ud_23_sl_sst_a,manually-annotated-corpora
404,https://www.clarin.eu/resource-families/KonText,manually-annotated-corpora
200,https://lindat.mff.cuni.cz/services/pmltq/?_escaped_fragment_=%2Ftreebank%2Fudsr_set23,manually-annotated-corpora
200,https://lindat.mff.cuni.cz/services/kontext/first_form?corpname=ud_23_sr_set_a,manually-annotated-corpora
200,https://lindat.mff.cuni.cz/services/pmltq/?_escaped_fragment_=%2Ftreebank%2Fudsa_ufal23,manually-annotated-corpora
200,https://lindat.mff.cuni.cz/services/kontext/first_form?corpname=ud_23_sa_ufal_a,manually-annotated-corpora
200,https://lindat.mff.cuni.cz/services/pmltq/?_escaped_fragment_=%2Ftreebank%2Fudru_taiga23,manually-annotated-corpora
200,https://lindat.mff.cuni.cz/services/kontext/first_form?corpname=ud_23_ru_taiga_a,manually-annotated-corpora
200,https://lindat.mff.cuni.cz/services/pmltq/?_escaped_fragment_=%2Ftreebank%2Fudfa_seraji23,manually-annotated-corpora
200,https://lindat.mff.cuni.cz/services/kontext/first_form?corpname=ud_23_fa_seraji_a,manually-annotated-corpora
200,https://lindat.mff.cuni.cz/services/kontext/first_form?corpname=ud_23_pcm_nsc_a,manually-annotated-corpora
200,https://lindat.mff.cuni.cz/services/pmltq/?_escaped_fragment_=%2Ftreebank%2Fudmr_ufal23,manually-annotated-corpora
200,https://lindat.mff.cuni.cz/services/kontext/first_form?corpname=ud_23_mr_ufal_a,manually-annotated-corpora
200,https://lindat.mff.cuni.cz/services/pmltq/?_escaped_fragment_=%2Ftreebank%2Fudmt_mudt23,manually-annotated-corpora
200,https://lindat.mff.cuni.cz/services/kontext/first_form?corpname=ud_23_mt_mudt_a,manually-annotated-corpora
404,https://lindat.mff.cuni.cz/services/pmltq/%23!/treebank/udpcm_nsc23,manually-annotated-corpora
200,https://lindat.mff.cuni.cz/services/pmltq/?_escaped_fragment_=%2Ftreebank%2Fudlt_hse23,manually-annotated-corpora
200,https://lindat.mff.cuni.cz/services/kontext/first_form?corpname=ud_23_lt_hse_a,manually-annotated-corpora
200,https://lindat.mff.cuni.cz/services/pmltq/?_escaped_fragment_=%2Ftreebank%2Fudkmr_mg23,manually-annotated-corpora
200,https://lindat.mff.cuni.cz/services/kontext/first_form?corpname=ud_23_kmr_mg_a,manually-annotated-corpora
200,https://lindat.mff.cuni.cz/services/pmltq/?_escaped_fragment_=%2Ftreebank%2Fudkpv_ikdp23,manually-annotated-corpora
200,https://lindat.mff.cuni.cz/services/kontext/first_form?corpname=ud_23_kpv_ikdp_a,manually-annotated-corpora
200,https://lindat.mff.cuni.cz/services/pmltq/?_escaped_fragment_=%2Ftreebank%2Fudkpv_lattice23,manually-annotated-corpora
200,https://lindat.mff.cuni.cz/services/kontext/first_form?corpname=ud_23_kpv_lattice_a,manually-annotated-corpora
200,https://lindat.mff.cuni.cz/services/pmltq/?_escaped_fragment_=%2Ftreebank%2Fudkk_ktb23,manually-annotated-corpora
200,http://urn.fi/urn:nbn:fi:lb-2016050302,historical-corpora
200,https://lindat.mff.cuni.cz/services/kontext/first_form?corpname=ud_23_kk_ktb_a,manually-annotated-corpora
200,https://lindat.mff.cuni.cz/services/kontext/first_form?corpname=ud_23_qhe_hiencs_a,manually-annotated-corpora
200,https://lindat.mff.cuni.cz/services/pmltq/?_escaped_fragment_=%2Ftreebank%2Fudgl_treegal23,manually-annotated-corpora
200,https://lindat.mff.cuni.cz/services/kontext/first_form?corpname=ud_23_gl_treegal_a,manually-annotated-corpora
200,https://lindat.mff.cuni.cz/services/pmltq/?_escaped_fragment_=%2Ftreebank%2Fudfo_oft23,manually-annotated-corpora
200,https://lindat.mff.cuni.cz/services/kontext/first_form?corpname=ud_23_fo_oft_a,manually-annotated-corpora
200,https://lindat.mff.cuni.cz/services/pmltq/?_escaped_fragment_=%2Ftreebank%2Fuden_lines23,manually-annotated-corpora
200,https://lindat.mff.cuni.cz/services/kontext/first_form?corpname=ud_23_en_esl_a,manually-annotated-corpora
200,https://lindat.mff.cuni.cz/services/kontext/first_form?corpname=ud_23_hr_set_a,manually-annotated-corpora
200,https://lindat.mff.cuni.cz/services/pmltq/?_escaped_fragment_=%2Ftreebank%2Fudcop_scriptorium23,manually-annotated-corpora
200,https://lindat.mff.cuni.cz/services/kontext/first_form?corpname=ud_23_cop_scriptorium_a,manually-annotated-corpora
200,https://lindat.mff.cuni.cz/services/pmltq/?_escaped_fragment_=%2Ftreebank%2Fudzh_cfl23,manually-annotated-corpora
200,https://lindat.mff.cuni.cz/services/kontext/first_form?corpname=ud_23_zh_cfl_a,manually-annotated-corpora
200,https://lindat.mff.cuni.cz/services/pmltq/?_escaped_fragment_=%2Ftreebank%2Fudzh_hk23,manually-annotated-corpora
200,https://lindat.mff.cuni.cz/services/kontext/first_form?corpname=ud_23_zh_hk_a,manually-annotated-corpora
200,https://lindat.mff.cuni.cz/services/pmltq/?_escaped_fragment_=%2Ftreebank%2Fudyue_hk23,manually-annotated-corpora
200,https://lindat.mff.cuni.cz/services/pmltq/?_escaped_fragment_=%2Ftreebank%2Fudbxr_bdt23,manually-annotated-corpora
200,https://lindat.mff.cuni.cz/services/kontext/first_form?corpname=ud_23_bxr_bdt_a,manually-annotated-corpora
200,https://lindat.mff.cuni.cz/services/pmltq/?_escaped_fragment_=%2Ftreebank%2Fudbr_keb23%2Fquery%2F,manually-annotated-corpora
200,https://lindat.mff.cuni.cz/services/kontext/first_form?corpname=ud_23_br_keb_a,manually-annotated-corpora
200,https://lindat.mff.cuni.cz/services/pmltq/?_escaped_fragment_=%2Ftreebank%2Fudhy_armtdp23,manually-annotated-corpora
200,https://lindat.mff.cuni.cz/services/kontext/first_form?corpname=ud_23_hy_armtdp_a,manually-annotated-corpora
200,https://lindat.mff.cuni.cz/services/pmltq/?_escaped_fragment_=%2Ftreebank%2Fudam_att23%2Fquery%2F,manually-annotated-corpora
200,https://lindat.mff.cuni.cz/services/kontext/first_form?corpname=ud_23_am_att_a,manually-annotated-corpora
200,https://lindat.mff.cuni.cz/services/kontext/first_form?corpname=ud_23_akk_pisandub_a,manually-annotated-corpora
200,https://universaldependencies.org/,manually-annotated-corpora
200,http://clarino.uib.no/iness/page,manually-annotated-corpora
200,https://lindat.mff.cuni.cz/services/pmltq/?_escaped_fragment_=%2Ftreebank%2Fhamledt_ta,manually-annotated-corpora
200,https://lindat.mff.cuni.cz/services/kontext/first_form?corpname=hamledt_30_ta_a,manually-annotated-corpora
200,https://lindat.mff.cuni.cz/services/pmltq/?_escaped_fragment_=%2Ftreebank%2Fhamledt_sl,manually-annotated-corpora
200,https://lindat.mff.cuni.cz/services/kontext/first_form?corpname=hamledt_30_sl_a,manually-annotated-corpora
200,https://lindat.mff.cuni.cz/services/pmltq/?_escaped_fragment_=%2Ftreebank%2Fhamledt_ro,manually-annotated-corpora
200,https://lindat.mff.cuni.cz/services/kontext/first_form?corpname=hamledt_30_ro_a,manually-annotated-corpora
200,https://lindat.mff.cuni.cz/services/kontext/first_form?corpname=hamledt_30_es_a,manually-annotated-corpora
200,https://lindat.mff.cuni.cz/services/pmltq/?_escaped_fragment_=%2Ftreebank%2Fhamledt_pt,manually-annotated-corpora
200,http://urn.fi/urn:nbn:fi:lb-2014100301,historical-corpora
200,https://lindat.mff.cuni.cz/services/kontext/first_form?corpname=hamledt_30_pt_a,manually-annotated-corpora
200,http://hdl.handle.net/11234/1-2895,manually-annotated-corpora
200,https://lindat.mff.cuni.cz/services/kontext/first_form?corpname=hamledt_30_ru_a,manually-annotated-corpora
200,https://lindat.mff.cuni.cz/services/pmltq/?_escaped_fragment_=%2Ftreebank%2Fhamledt_pl,manually-annotated-corpora
200,https://lindat.mff.cuni.cz/services/kontext/first_form?corpname=hamledt_30_pl_a,manually-annotated-corpora
200,https://lindat.mff.cuni.cz/services/pmltq/?_escaped_fragment_=%2Ftreebank%2Fhamledt_fa,manually-annotated-corpora
200,https://lindat.mff.cuni.cz/services/kontext/first_form?corpname=hamledt_30_fa_a,manually-annotated-corpora
200,https://lindat.mff.cuni.cz/services/pmltq/?_escaped_fragment_=%2Ftreebank%2Fhamledt_la,manually-annotated-corpora
200,https://lindat.mff.cuni.cz/services/kontext/first_form?corpname=hamledt_30_la_a,manually-annotated-corpora
200,https://lindat.mff.cuni.cz/services/kontext/first_form?corpname=hamledt_30_grc_a,manually-annotated-corpora
200,https://lindat.mff.cuni.cz/services/pmltq/?_escaped_fragment_=%2Ftreebank%2Fhamledt_et,manually-annotated-corpora
200,https://lindat.mff.cuni.cz/services/kontext/first_form?corpname=hamledt_30_et_a,manually-annotated-corpora
200,https://lindat.mff.cuni.cz/services/pmltq/?_escaped_fragment_=%2Ftreebank%2Fhamledt_nl,manually-annotated-corpora
200,https://lindat.mff.cuni.cz/services/kontext/first_form?corpname=hamledt_30_nl_a,manually-annotated-corpora
200,https://lindat.mff.cuni.cz/services/pmltq/?_escaped_fragment_=%2Ftreebank%2Fhamledt_cs,manually-annotated-corpora
200,https://lindat.mff.cuni.cz/services/kontext/first_form?corpname=hamledt_30_hi_a,manually-annotated-corpora
200,https://lindat.mff.cuni.cz/services/kontext/first_form?corpname=hamledt_30_cs_a,manually-annotated-corpora
200,https://lindat.mff.cuni.cz/services/kontext/first_form?corpname=hamledt_30_de_a,manually-annotated-corpora
200,https://lindat.mff.cuni.cz/services/kontext/first_form?corpname=hamledt_30_en_a,manually-annotated-corpora
200,https://lindat.mff.cuni.cz/services/pmltq/?_escaped_fragment_=%2Ftreebank%2Fhamledt_ar,manually-annotated-corpora
200,https://lindat.mff.cuni.cz/services/kontext/first_form?corpname=hamledt_30_ar_a,manually-annotated-corpora
200,https://lindat.mff.cuni.cz/services/kontext/first_form?corpname=hamledt_30_ca_a,manually-annotated-corpora
200,https://lindat.mff.cuni.cz/services/kontext/first_form?corpname=hamledt_30_bn_a,manually-annotated-corpora
200,http://hdl.handle.net/11234/1-1508,manually-annotated-corpora
200,http://hdl.handle.net/11234/1-1453,manually-annotated-corpora
200,http://zil.ipipan.waw.pl/PDB?action=AttachFile&do=view&target=NKJP1M_Skladnica_sem.conll,manually-annotated-corpora
200,https://ufal.mff.cuni.cz/pdt/,manually-annotated-corpora
200,http://zil.ipipan.waw.pl/PDB,manually-annotated-corpora
200,http://hdl.handle.net/20.500.11821/10,manually-annotated-corpora
200,http://hdl.handle.net/11372/LRT-201,manually-annotated-corpora
200,http://catalog.elra.info/product_info.php?products_id=1176,manually-annotated-corpora
200,https://vlo.clarin.eu/record?7&docId=http_58__47__47_hdl.handle.net_47_11858_47_00-1778-0000-0005-896C-F&q=treebank+written+german&index=4&count=21,manually-annotated-corpora
200,http://hdl.handle.net/11022/0000-0000-2CA4-6,manually-annotated-corpora
200,http://hdl.grnet.gr/11500/ATHENA-0000-0000-23DB-2,manually-annotated-corpora
200,https://www.lrde.epita.fr/~tiger/tiger.split/Syntactic-Specifications.html,manually-annotated-corpora
200,http://hdl.handle.net/11022/0000-0000-9B24-9,manually-annotated-corpora
200,http://bionlp.utu.fi/fintreebank.html,manually-annotated-corpora
200,http://catalog.elra.info/product_info.php?products_id=1181,manually-annotated-corpora
200,http://urn.fi/urn:nbn:fi:lb-20140730186,historical-corpora
200,https://gretel.ccl.kuleuven.be/gretel3/,manually-annotated-corpora
200,http://doi.org/10.15155/1-00-0000-0000-0000-0015CL,manually-annotated-corpora
200,http://universaldependencies.org/guidelines.html,manually-annotated-corpora
200,http://hdl.handle.net/10032/efc201791fadf20f67858b602553874b,manually-annotated-corpora
200,https://lindat.mff.cuni.cz/services/pmltq/?_escaped_fragment_=%2Ftreebank%2Fpcedt20_cz%2Fquery%2F,manually-annotated-corpora
200,http://urn.fi/urn:nbn:fi:lb-201411071,historical-corpora
200,https://lindat.mff.cuni.cz/idpdiscovery/discovery.html?entityID=https%3A%2F%2Fufal-point.mff.cuni.cz%2Fshibboleth%2Feduid%2Fsp&return=https%3A%2F%2Flindat.mff.cuni.cz%2FShibboleth.sso%2FLogin%3FSAMLDS%3D1%26target%3Dcookie%253A1548331392_7a32,manually-annotated-corpora
200,https://ufal.mff.cuni.cz/pdt2.0/,manually-annotated-corpora
200,http://hdl.handle.net/11234/1-2616,manually-annotated-corpora
200,http://hdl.handle.net/11234/1-1664,manually-annotated-corpora
200,https://lindat.mff.cuni.cz/services/pmltq/?_escaped_fragment_=%2Ftreebank%2Fpdit20%2Fquery%2F,manually-annotated-corpora
200,http://catalog.elra.info/product_info.php?products_id=1174,manually-annotated-corpora
200,http://hdl.handle.net/11858/00-097C-0000-0015-8DAF-4,manually-annotated-corpora
200,https://lindat.mff.cuni.cz/services/kontext/first_form?corpname=ud_23_cs_fictree_a,manually-annotated-corpora
200,http://hdl.handle.net/11234/1-1822,manually-annotated-corpora
200,https://lindat.mff.cuni.cz/services/pmltq/?_escaped_fragment_=%2Ftreebank%2Fcltt20%2Fquery%2F,manually-annotated-corpora
200,https://lindat.mff.cuni.cz/services/kontext/first_form?corpname=legaltext_cs_a,manually-annotated-corpora
200,http://doi.org/10.15155/1-00-0000-0000-0000-00168L,manually-annotated-corpora
200,http://hdl.handle.net/11234/1-1905,manually-annotated-corpora
200,http://urn.fi/urn:nbn:fi:lb-2018071121,historical-corpora
200,http://hdl.handle.net/11234/1-2621,manually-annotated-corpora
200,http://urn.fi/urn:nbn:fi:lb-2016011501,manually-annotated-corpora
200,http://hdl.handle.net/11234/1-2517,manually-annotated-corpora
200,http://hdl.handle.net/11234/1-2498,manually-annotated-corpora
200,http://hdl.handle.net/11356/1183,manually-annotated-corpora
200,http://hdl.handle.net/11858/00-097C-0000-0001-4872-3,manually-annotated-corpora
200,http://hdl.handle.net/11356/1181,manually-annotated-corpora
200,https://www.clarin.si/noske/run.cgi/corp_info?corpname=hr500k&struct_attr_stats=1,manually-annotated-corpora
200,https://www.clarin.si/kontext/first_form?corpname=hr500k,manually-annotated-corpora
200,http://urn.fi/urn:nbn:fi:lb-2017061925,historical-corpora
200,http://hdl.handle.net/11356/1200,manually-annotated-corpora
200,http://hdl.grnet.gr/11500/ATHENA-0000-0000-25DC-F,manually-annotated-corpora
200,http://nl.ijs.si/ME/V5/msd/,manually-annotated-corpora
200,http://hdl.handle.net/11356/1037,manually-annotated-corpora
200,http://hdl.handle.net/11356/1123,manually-annotated-corpora
200,http://doi.org/10.15155/1-00-0000-0000-0000-00080L,manually-annotated-corpora
200,http://catalog.elra.info/product_info.php?products_id=1180,manually-annotated-corpora
200,http://clip.ipipan.waw.pl/NationalCorpusOfPolish,manually-annotated-corpora
200,http://hdl.handle.net/11356/1171,manually-annotated-corpora
200,http://treebankstudio.org/,manually-annotated-corpora
200,https://www.clarin.si/noske/run.cgi/corp_info?corpname=ssj500k21&struct_attr_stats=1,manually-annotated-corpora
200,http://urn.fi/urn:nbn:fi:lb-201407163,manually-annotated-corpora
200,http://hdl.handle.net/20.500.11821/9,manually-annotated-corpora
200,http://www.linguist.is/icelandic_treebank/Download,manually-annotated-corpora
200,http://www.inf.u-szeged.hu/projectdirs/hlt/index_en.html,manually-annotated-corpora
200,http://hdl.handle.net/11372/LRT-347,manually-annotated-corpora
200,https://www.ling.upenn.edu/~beatrice/annotation/,manually-annotated-corpora
200,https://www.cl.ut.ee/korpused/baaskorpus,manually-annotated-corpora
200,http://purl.ox.ac.uk/ota/2551,manually-annotated-corpora
200,http://www.linguist.is/icelandic_treebank/Icelandic_Parsed_Historical_Corpus_(IcePaHC),manually-annotated-corpora
200,https://www.clarin.si/noske/run.cgi/corp_info?corpname=setimes_sr&struct_attr_stats=1,manually-annotated-corpora
200,https://www.clarin.si/kontext/first_form?corpname=setimes_sr,manually-annotated-corpora
200,http://nl.ijs.si/ME/V4/msd/html/index.html,manually-annotated-corpora
200,http://catalog.elra.info/en-us/repository/browse/ELRA-W0050/,manually-annotated-corpora
200,http://hdl.handle.net/11356/1170,manually-annotated-corpora
200,https://www.clarin.si/noske/run.cgi/corp_info?corpname=janes_tag&struct_attr_stats=1,manually-annotated-corpora
200,http://nl.ijs.si/janes/wp-content/uploads/2016/09/CMC-2016_Sobkowicz_Political-Discourse-in-Polish-Internet.pdf,cmc-corpora
200,https://www.clarin.si/kontext/first_form?corpname=janes_tag,manually-annotated-corpora
200,http://www.lrec-conf.org/proceedings/lrec2012/summaries/416.html,cmc-corpora
200,https://hdl.handle.net/11495/D93F-C6E9-65D9-2,manually-annotated-corpora
200,https://bop.unibe.ch/linguistik-online/article/view/3849/5834,cmc-corpora
200,http://hdl.handle.net/11356/1043,manually-annotated-corpora
200,http://ceur-ws.org/Vol-1749/paper27.pdf,cmc-corpora
200,http://hdl.handle.net/11356/1078,manually-annotated-corpora
404,http://www.linse.uni-due.de/tl_files/PDFs/Publikationen-Rezensionen/Chatkorpus_Beisswenger_2013.pdf,cmc-corpora
200,http://hdl.handle.net/10067/1357660151162165141,cmc-corpora
200,http://doi.org/10.15155/1-00-0000-0000-0000-00085L,manually-annotated-corpora
200,https://www.clarin.si/noske/run.cgi/corp_info?corpname=reldi_sr&struct_attr_stats=1,manually-annotated-corpora
200,https://www.clarin.si/kontext/first_form?corpname=reldi_sr,manually-annotated-corpora
200,https://hal.archives-ouvertes.fr/hal-01323274,cmc-corpora
401,http://www.ds.uzh.ch/_docs/966/2011_Duerscheid_Stark_digital_discourse.pdf,cmc-corpora
200,http://cmc-corpora.ch/,cmc-corpora
200,http://videolectures.net/clarinplusworkshop2017_kaunas/,cmc-corpora
200,http://aclweb.org/anthology/W/W15/W15-1813.pdf,cmc-corpora
200,http://dangus.vdu.lt/~jkd/wp-content/uploads/2015/04/INT_KOMENTARAI_INDV2.7z,cmc-corpora
200,http://dangus.vdu.lt/~jkd/wp-content/uploads/2015/04/FORUMAS_INDV.7z,cmc-corpora
200,https://www.clarin.eu/event/2017/clarin-plus-workshop-creation-and-use-social-media-resources,cmc-corpora
200,http://www.ids-mannheim.de/cosmas2/web-app/browser/,cmc-corpora
200,https://hal.archives-ouvertes.fr/hal-01323274/document,cmc-corpora
200,http://sms4science.ch/Main/WebHome,cmc-corpora
200,https://cosmas2.ids-mannheim.de/cosmas2-web/,cmc-corpora
200,https://sms.linguistik.uzh.ch/SMS4science/TwoCorpora,cmc-corpora
200,https://www.researchgate.net/publication/311674809_Political_Discourse_in_Polish_Internet-Corpus_of_Highly_Emotive_Internet_Discussions,cmc-corpora
200,http://dangus.vdu.lt/~jkd/eng/?page_id=16,cmc-corpora
200,http://www.clips.ua.ac.be/category/projects/flemish-online-teenage-talk,cmc-corpora
200,https://www.clarin.si/noske/run.cgi/corp_info?corpname=reldi_hr&struct_attr_stats=1,manually-annotated-corpora
200,https://www.clarin.si/kontext/first_form?corpname=reldi_hr,manually-annotated-corpora
404,https://www.clarin.si/kontext/first_form?corpname=ssj500k21,manually-annotated-corpora
200,https://www.clarin.si/kontext/first_form?corpname=janes_wiki,cmc-corpora
200,https://www.clarin.eu/event/2017/tutorial-cmc-corpora-2017-how-use-tei-annotation-cmc-and-social-media-resources,cmc-corpora
200,https://www.clarin.si/kontext/first_form?corpname=janes_tweet,cmc-corpora
200,http://repository.ortolang.fr/api/content/comere/v2/comere.html,cmc-corpora
200,https://www.clarin.si/kontext/first_form?corpname=janes_news,cmc-corpora
200,http://hdl.handle.net/11356/1137,cmc-corpora
200,https://www.clarin.si/kontext/first_form?corpname=janes_forum,cmc-corpora
200,https://www.clarin.si/kontext/first_form?corpname=janes_blog,cmc-corpora
200,https://repository.ortolang.fr/api/content/comere/v2/comere.html,cmc-corpora
DNS failure,http://ntap.no/,cmc-corpora
200,http://urn.fi/urn:nbn:fi:lb-2017021502,cmc-corpora
200,http://hdl.handle.net/11356/1142,cmc-corpora
200,http://www.cl.ut.ee/korpused/segakorpus/uusmeedia/,cmc-corpora
DNS failure,https://frantext2.atilf.fr/,historical-corpora
DNS failure,https://frantext2.atilf.fr/?error=401&redirectUrl=%2Frepository%2Ffrantext,historical-corpora
200,http://www.cl.ut.ee/korpused/kasutajaliides,cmc-corpora
404,http://www.cl.ut.ee/korpused/segakorpus/uusmeedia/failid/,cmc-corpora
200,http://hdl.handle.net/11356/1140,cmc-corpora
200,http://hdl.handle.net/11356/1139,cmc-corpora
200,http://hdl.handle.net/11356/1138,cmc-corpora
200,http://metashare.csc.fi/repository/browse/the-suomi-24-corpus-2016h2/eb323320f44d11e6b70e005056be118e30dc4e74e4654a4a8b3e8789ef31c0d0/,cmc-corpora
200,http://hdl.handle.net/20.500.11821/11,cmc-corpora
200,http://hdl.grnet.gr/11500/ATHENA-0000-0000-240F-8,historical-corpora
200,http://www.sfs.uni-tuebingen.de/en/ascl/resources/corpora/tueba-dz.html,manually-annotated-corpora
TCP Timeout,https://urn.fi/urn:nbn:fi:lb-2016121607,historical-corpora
200,http://hdl.grnet.gr/11500/AEGEAN-0000-0000-251D-7,historical-corpora
TCP Timeout,https://urn.fi/urn:nbn:fi:lb-2017061934,historical-corpora
TCP Timeout,http://politicalmashup.nl/dutchparl/,parliamentary-corpora
TCP Timeout,http://bonito.korpuss.lv/saeima/,parliamentary-corpora
TCP Timeout,http://politicalmashup.nl/new/uploads/2010/03/lrecfinalversionlong.pdf,parliamentary-corpora
